country,code,indicator,ind_code,1960,1961,1962,1963,1964,1965,1966,1967,1968,1969,1970,1971,1972,1973,1974,1975,1976,1977,1978,1979,1980,1981,1982,1983,1984,1985,1986,1987,1988,1989,1990,1991,1992,1993,1994,1995,1996,1997,1998,1999,2000,2001,2002,2003,2004,2005,2006,2007,2008,2009,2010,2011,2012,2013,2014,2015,2016,2017
Aruba,ABW,Aquaculture production (metric tons),ER.FSH.AQUA.MT,,,,,,,,,,,,,,,,,,,,,,,,,,,,,,,,,,,,,,,,,,,,,,,,,,,,2,,0,0,0,0,
Afghanistan,AFG,Aquaculture production (metric tons),ER.FSH.AQUA.MT,,,,,,,,,,60,60,60,60,60,60,60,170,170,170,170,170,170,170,170,170,170,170,170,170,170,300,300,300,300,300,300,300,300,300,300,300,450,450,450,450,450,450,1050,1050,1050,1050,1050,1050,1050,1100,1150,1200,
Angola,AGO,Aquaculture production (metric tons),ER.FSH.AQUA.MT,,,,,,,,,,,,,,,,,,,,,,,,,,,,,,,,,,,,,,,,,5,11,51,72,92,126,156,190,190,260,310,310,310,57,305,872,655,
Albania,ALB,Aquaculture production (metric tons),ER.FSH.AQUA.MT,0,0,0,0,0,0,0,0,0,0,0,0,0,3,45,85,123,164,193,260,339,455,699,1162,1197,1208,2165,2368,3732,2604,4961,859,397,389,395,340,323,97,124,310,307,286,860,1473,1569,1473,2057,2092,2000,2317,2504,2022,2034,2090,2424.2,1595,950,
Andorra,AND,Aquaculture production (metric tons),ER.FSH.AQUA.MT,,,,,,,,,,,,,,,,,,,,,,,,,,,,,,,,,,,,,,,,,,,,,,,,,,,,,,,,,,
Arab World,ARB,Aquaculture production (metric tons),ER.FSH.AQUA.MT,4600,5200,5200,6000,7000,6200,5904,5610,5617,5928,6046,7145,8556,10067,10873,11396,13900,16233,18554,20830,23325,25837,29390,30877,34269,49929,53736,54769,62285,69066,70522,70649,78320,65086,70944,87973,109249,105662,165476,246418,360829,364763,398297,476490,514596.4,590726,643697,688762.4,756349.131,771541.482,987749.049,1042809.194,1078422.227,1146420.881,1211164.083,1256875.99,1468829.56,
United Arab Emirates,ARE,Aquaculture production (metric tons),ER.FSH.AQUA.MT,0,0,0,0,0,0,0,0,0,0,0,0,0,0,0,0,0,0,0,0,0,0,0,0,7,7,7,9,6,2,0,0,0,0,0,0,0,0,0,0,0,0,0,2300,570,590,610,644,1343,130,198,415,420,780,788,790,1240.9,
Argentina,ARG,Aquaculture production (metric tons),ER.FSH.AQUA.MT,0,0,1,2,4,5,5,8,11,15,19,23,27,31,36,42,49,57,67,78,90,105,123,143,150,270,270,353,353,300,300,350,402,707,763,1474,1322,1314,1040,1218,1784,1340,1457,1647,1848,2057,2528,2957,2700,2582.95,2654.35,3193.25,2958.42,3825.12,4002.71,3662.65,3673.485,
Armenia,ARM,Aquaculture production (metric tons),ER.FSH.AQUA.MT,,,,,,,,,,,,,,,,,,,,,,,,,,,,,4598,4604,5057,2637,2565,2250,1570,1120,650,670,437,889,893,1331,1020,1064,813,739,1056,3650,5100,5240,5000,6300,8850,11700,13925,15130,16381,
American Samoa,ASM,Aquaculture production (metric tons),ER.FSH.AQUA.MT,,,,,,,,,,,,,,,,,,,,,,,,,,,,,,,,5,5,5,5,5,5,5,5,5,5,10,10,10,10,10,18,18,18,18,18,20,20,20,20,20,20,
Antigua and Barbuda,ATG,Aquaculture production (metric tons),ER.FSH.AQUA.MT,,,,,,,,,,,,,,,,,,,,,,,,,,,,,,,,,,,,,,,,,,,,,,,,,,,,4,10,11,13,10,10,
Australia,AUS,Aquaculture production (metric tons),ER.FSH.AQUA.MT,5700,6500,5800,5900,5800,6600,6800,7300,7500,7500,7021,9800,10400,9200,10484,9204,10439,11126,10236,8702,8994,9185,8841,9056,8785,9534,9083,9660,13080,13685,12401,14327,16422,18359,19129,22395,25323,26543,24570,29189,31746,35403,38566,38793,44142,42787,49376,55799,58911.7,70121.85,73324.21,75910.52,81482.94,79818.9,74840.22,90990.29,96847.64,
Austria,AUT,Aquaculture production (metric tons),ER.FSH.AQUA.MT,650,660,670,600,680,730,750,790,740,800,870,960,1080,1300,1220,1200,1390,1600,2900,3400,3200,3200,3100,3600,4000,4100,4060,4000,4500,4450,3126,3135,3140,3140,3103,2918,2949,3018,2909,3067,2847,2393,2333,2233,2267,2420,2503,2539,2087,2141,2167,2904.3,3125.5,3237,3390.3,3503.4,3483.4,
Azerbaijan,AZE,Aquaculture production (metric tons),ER.FSH.AQUA.MT,,,,,,,,,,,,,,,,,,,,,,,,,,,,,1656,1621,1216,2176,1690,1201,1038,516,419,364,211,216,140,95,80,130,350,500,600,900,1000,1000,1000,517,366.1,325,305,561,640,
Burundi,BDI,Aquaculture production (metric tons),ER.FSH.AQUA.MT,,,,,,,,,,,,,,,,,,,,,,,,,2,2,21,25,24,25,30,50,50,50,50,50,50,50,50,50,50,50,50,50,50,50,50,50,50,50,17.3,61.7,160.4,165,165,1326,1330,
Belgium,BEL,Aquaculture production (metric tons),ER.FSH.AQUA.MT,,,,,,,,,,,,,,,,4,7,12,20,32,90,147,203,255,310,440,530,600,700,735,675,846,846,846,846,846,946,846,846,1597,1871,1830,1834,1261,739,414,128,128,126,576,539,101,277,212,214,82,44,
Benin,BEN,Aquaculture production (metric tons),ER.FSH.AQUA.MT,,,,,,,,,,,,,,,,,,,,,,,,,15,11,15,14,80,,,,,,,,,,,,,,7,7,7,350,415,178,213,308,364,400,500,667,1425,1270,3080,
Burkina Faso,BFA,Aquaculture production (metric tons),ER.FSH.AQUA.MT,,,,,,,,,,,0,0,0,0,0,0,0,0,0,0,0,0,0,114,74,33,30,26,7,6,6,5,5,0,0,0,30,45,40,25,5,5,5,5,5,65,250,348,475,275,280,305,302,320,300,280,470,
Bangladesh,BGD,Aquaculture production (metric tons),ER.FSH.AQUA.MT,49237,50569,51944,53362,54824,58030,57897,59519,59460,62927,64716,68080,68508,70525,70970,73340,77063,77230,82760,87360,91030,96780,101630,107000,117025,123811,144723,166100,175925,183505,192592,210993,226863,237743,264190,317073,379087,485864,574812,593202,657120,712640,786604,856956,914752,882091,892049,945812,1005542,1064285,1308515,1523759,1726066,1859808,1956925,2060408,2203554,
Bulgaria,BGR,Aquaculture production (metric tons),ER.FSH.AQUA.MT,900,900,1000,800,4100,5100,4400,6800,5900,5800,5600,5300,4600,4900,5800,6188,6250,8134,7767,10042,11500,12720,14636,12919,14571,10560,12138,12647,12141,11615,7849,7798,8132,7897,6100,4615,4727,5437,4252,7780,3654,2938,2308,4465,2489,3145,3257,4032,5157,6722.538,7920.617,5527.175,5975.06,12151.65,11171.8,13536.55,15762.16,
Bahrain,BHR,Aquaculture production (metric tons),ER.FSH.AQUA.MT,0,0,0,0,0,0,0,0,0,0,0,0,0,0,0,0,0,0,0,0,0,0,0,0,0,0,0,0,0,0,0,0,0,0,0,4,3,0,1,3,12,0,3,4,8,3,2,1,2,2,3.187,3.424,1.725,0,5.71,6,6,
"Bahamas, The",BHS,Aquaculture production (metric tons),ER.FSH.AQUA.MT,0,0,0,0,0,0,0,0,0,0,0,0,0,0,0,0,0,0,0,0,0,0,0,0,10,42,42,37,51,69,49,6,10,8,4,24,1,1,1,1,2,13,25,52,30,85,52,30,20,17,0,0,0,0,8.35,8.33,8,
Bosnia and Herzegovina,BIH,Aquaculture production (metric tons),ER.FSH.AQUA.MT,,,,,,,,,,,,,,,,,,,,,,,,,,,,,,,,,,,,,,,,,,,4685,6635,6394,7070,7621,7442,7589,7620,7620,4970.2,3638.3,2923.5,3397,4450.6,4563.6,
Belarus,BLR,Aquaculture production (metric tons),ER.FSH.AQUA.MT,,,,,,,,,,,,,,,,,,,,,,,,,,,,,16152,17817,16638,14750,8415,7018,6934,5463,6038,4322,4727,4824,6716,4666,6523,5393,4150,5648,8406,14091,14636,15659,16265,16293,15499,13548,10658,9130.9,11199,
Belize,BLZ,Aquaculture production (metric tons),ER.FSH.AQUA.MT,,,,,,,,,,,,,,,,,,,,,,,,,0,0,23,0,0,542,99,158,301,602,656,950,1004,1397,1642,3163,3630,4460,4400,10160,11426,11078,7624,3172,4528,5725,7410.7,5102,5879.6,7150,7212.76,4203,953,
Bermuda,BMU,Aquaculture production (metric tons),ER.FSH.AQUA.MT,,,,,,,,,,,,,,,,,,,,,,,,,,,,,,,,,,,,,,,,,,,,,,,,,,,,,,,,,,
Bolivia,BOL,Aquaculture production (metric tons),ER.FSH.AQUA.MT,,,,,,,,,,,,,,,,,,,,,,,,,,,,45,95,348,515,200,266,649,617,616,380,387,385,398,405,320,418,375,450,430,455,585,631,775,856,966,1060,1076,1400,2987.5,3000,
Brazil,BRA,Aquaculture production (metric tons),ER.FSH.AQUA.MT,0,0,0,0,0,0,0,0,0,10,19,27,50,93,158,286,433,780,1132,1687,3737,5794,7586,9168,10700,10873,10990,13140,15559,18170,20490,23390,29820,30390,30915,46202,77690,87676,103915,140657,172450,205568,247678,273268,269699,257784,271697,289048,331553,365127,411777,436084,480880,477752,564230,575230,581230,
Barbados,BRB,Aquaculture production (metric tons),ER.FSH.AQUA.MT,,,,,,,,,,,,,,,,,,,,,,,,,,,,,,,,,,,,,,,,,,,,,,,2,2,2,2,2,10.5,10.5,14.5,20.5,20.5,25.5,
Brunei Darussalam,BRN,Aquaculture production (metric tons),ER.FSH.AQUA.MT,,,,,,,,,,,,,,,,,,,,,,,,,,,0,2,2,2,6,1,17,36,72,103,119,157,172,194,113,99,157,160,709,454,475,622,473,433,499.98,530,550,560.85,711.07,983.14,947.63,
Bhutan,BTN,Aquaculture production (metric tons),ER.FSH.AQUA.MT,,,,,,,,,,,,,,,,,,,,,,,,,,,,,15,12,31,35,35,30,30,30,30,30,30,30,30,30,30,30,40,40,40,40,46,46,46,75,78.34,69.8,139,149,150,
Botswana,BWA,Aquaculture production (metric tons),ER.FSH.AQUA.MT,,,,,,,,,,,,,,,,,,,,,,,,,,,,,,,,,,,,,,,,,,,,,,,,,,,,,,,,20,15,
Central African Republic,CAF,Aquaculture production (metric tons),ER.FSH.AQUA.MT,,,,,,,,,,,0,0,0,0,0,5,15,30,47,64,80,94,111,128,309,288,193,88,79,82,105,105,338,301,255,210,150,80,80,117,120,125,125,125,125,125,140,140,140,140,170,170,182,180,180,180,190,
Canada,CAN,Aquaculture production (metric tons),ER.FSH.AQUA.MT,2975,2990,3100,3215,3230,3242,3258,3275,3394,3405,3591,3893,4561,5333,4583,4129,3943,3897,4038,3458,3566,4074,3421,4289,7720,8798,12678,16890,23622,32451,41216,48068,45386,52442,55430,65207,72376,81676,91046,112916,127665,153046,172046,167798,145018,154587,171629,152486,155549,155928,162341,169706,184910,168015,139732,187374,200765,
Central Europe and the Baltics,CEB,Aquaculture production (metric tons),ER.FSH.AQUA.MT,32700,36500,35950,38250,44810,45930,47399,53857,52564,54405,53783,56665,69114,68181,74647,75053,80124,81893,76511,76144,78382,92256,97358,90926,96160,91388,95363,91250,113821,117474,94636,90076,90085,87825,89994,86562,79508,79981,80857,91920,93027,98030,88699,95587,95047,100003,103950,107757,111253,112214.988,102102.077,98801.995,101779.178,111719.284,118591.215,123685.35,129701.82,
Switzerland,CHE,Aquaculture production (metric tons),ER.FSH.AQUA.MT,,,,,,,,,,,,,5,10,15,25,40,60,90,130,170,200,220,250,272,270,271,252,254,1180,1070,1230,1230,1135,1235,1161,1161,1150,1150,1135,1100,1135,1135,1100,1205,1214,1214,1216,1216,1249,1261,1466,1471,1593,1593,1593,1733,
Channel Islands,CHI,Aquaculture production (metric tons),ER.FSH.AQUA.MT,,,,,,,,,,,,,,,,,,,,,,,,,0,0,15,25,13,13,67,67,50,81,103,114,191,130,196,249,390,487,580,684,775,650,660,791,972,1024.6,1130.2,1091.1,882.243,972.13,1316.75,1768.2,1498.65,
Chile,CHL,Aquaculture production (metric tons),ER.FSH.AQUA.MT,80,80,90,100,110,120,230,144,183,201,183,212,258,370,443,543,736,818,1093,1514,2088,2789,5316,1972,8611,7497,9941,13936,32349,51510,70464,105258,116281,135090,183747,206266,323115,375113,361430,305494,425058,631634,617303,607338,696157,739368,832329,806166,870845,881084,713241,969539,1075547,1045718,1227359,1057742,1050117,
China,CHN,Aquaculture production (metric tons),ER.FSH.AQUA.MT,870506,689762,653121,751331,876283,1018740,1144775,1139911,1130208,1302649,1294180,1555198,1708229,1587984,1720938,1876231,1841375,2396953,2544849,2478985,2660226,2647423,2872642,3250408,3830077,4579259,5248178,6011103,6995409,7620971,7962986,9067388,11300000,14200000,17100000,20000000,22200000,22400000,24400000,26600000,28500000,29900000,31900000,33600000,35900000,37600000,39600000,41200000,42700000,45300000,47800000,50200000,53900000,57100000,58800000,61000000,63700000,
Cote d'Ivoire,CIV,Aquaculture production (metric tons),ER.FSH.AQUA.MT,,,,,,,,,,,,,,,,,,,,,,,,,21,60,213,229,170,168,100,253,306,351,117,386,1128,450,862,1000,1197,1025,806,866,866,866,866,1290,1290,1340,1700,3394,3720,3720,3750,4000,4701,
Cameroon,CMR,Aquaculture production (metric tons),ER.FSH.AQUA.MT,,,,,,,,,,,,,,,,,,5,11,22,40,57,89,120,282,130,124,137,167,138,106,74,57,50,50,57,58,67,67,67,50,150,330,385,395,402,435,546,546,546,570,571,840,1195,1575,1955,2315,
"Congo, Dem. Rep.",COD,Aquaculture production (metric tons),ER.FSH.AQUA.MT,,,,,,,,,,,0,0,0,0,0,0,0,0,0,0,0,0,0,0,81,180,689,723,759,760,700,700,730,700,650,600,600,1000,1833,1993,2076,2744,2965,2965,2965,2965,2970,2970,2970,2970,2970,2970,2869,2869,2871,2956.5,3161,
"Congo, Rep.",COG,Aquaculture production (metric tons),ER.FSH.AQUA.MT,,,,,,,,,,,0,0,0,0,0,0,0,0,0,0,0,0,0,48,47,61,91,121,177,243,240,243,191,234,121,139,106,99,140,190,66,64,68,69,72,80,21,25,65,56,58,68,98,119,134,153,177,
Colombia,COL,Aquaculture production (metric tons),ER.FSH.AQUA.MT,,,,,,,,,,,0,4,13,18,31,48,66,91,123,165,224,300,400,535,775,921,1171,1618,3314,5673,10455,12267,23987,23971,25652,36630,29990,43710,45933,52947,61786,57660,57160,60895,60072,61000,70132,66565,68200,80623,80367,83681,89654,89398,92002,95857,96970,
Comoros,COM,Aquaculture production (metric tons),ER.FSH.AQUA.MT,,,,,,,,,,,,,,,,,,,,,,,,,,,,,,,,,,,,,,,,,,,,,,,,,,,,,,,,,,
Cabo Verde,CPV,Aquaculture production (metric tons),ER.FSH.AQUA.MT,,,,,,,,,,,,,,,,,,,,,,,,,,,,,,,,,,,,,,,,,,,,,,,,,,,,,,,,,,
Costa Rica,CRI,Aquaculture production (metric tons),ER.FSH.AQUA.MT,,,,,,,,,,,0,0,0,0,0,2,4,9,13,19,27,41,58,79,185,106,106,270,399,410,573,1975,2244,3335,3910,6756,6986,7000,7937,9324,9708,10520,17892,20546,24708,24038,19962,25765,27059,24754.3,26839,27713.5,27287,30352,26765.5,22502.5,22421,
Caribbean small states,CSS,Aquaculture production (metric tons),ER.FSH.AQUA.MT,0,0,0,0,0,0,0,0,0,0,0,0,0,0,0,0,0,2,38,25,20,32,135,162,382,1019,1692,2408,2901,3783,3647,3415,3669,4109,4329,4785,4787,5140,5479,8277,9129,10064,11644,14092,16897.5,17743.5,16597.743,9652.99,10911.13,11544.84,11969.8,6662.15,6927.978,8371.6,8465.576,5505.54,2105.84,
Cuba,CUB,Aquaculture production (metric tons),ER.FSH.AQUA.MT,0,0,0,0,0,0,0,20,80,220,350,460,570,680,810,1040,1310,1320,1690,1990,2309,2977,3779,4145,4383,4637,4626,5578,5768,6036,8174,8261,10977,12774,16273,22276,36354,36367,39603,40166,32780,25569,27044,26897,27562,22635,27210,37526,36685,36002,31422,24597.8,26179.2,29577.7,31282.6,32056,29185,
Curacao,CUW,Aquaculture production (metric tons),ER.FSH.AQUA.MT,,,,,,,,,,,,,,,,,,,,,,,,,,,,,,,,,,,,,,,,,,,,,,,,,,,,,,,,,,
Cayman Islands,CYM,Aquaculture production (metric tons),ER.FSH.AQUA.MT,,,,,,,,,,,,,,,,,,,,,,,,,,,,,,,,,,,,,,,,,,,,,,,,,,,,,,,,,,
Cyprus,CYP,Aquaculture production (metric tons),ER.FSH.AQUA.MT,,,,,,,,,,,0,0,0,0,41,31,31,31,31,31,31,36,46,50,60,56,57,50,59,84,125,127,155,259,291,452,787,969,1178,1422,1878,1883,1862,1821,2445,2436,2787,2450,2887,3415.5,4115.8,4666.98,4333.71,5339.1,4835.1,5458.56,6624.96,
Czech Republic,CZE,Aquaculture production (metric tons),ER.FSH.AQUA.MT,,,,,,,,,,,,,,,,,,,,,,,,,,,,,,,,,,20242,18655,18679,18200,17560,17231,18775,19475,20098,19210,19670,19384,20455,20431,20447,20395,20071,20420,21010,20763,19357.4,20135,20200,20952,
Germany,DEU,Aquaculture production (metric tons),ER.FSH.AQUA.MT,19810,16670,12520,12680,13830,14490,19950,20600,22160,19814,23477,20636,25103,29169,35783,39380,44071,36230,35893,25703,38789,35543,52616,70965,97785,61134,70235,66828,72005,66618,64435,74692,96654,69500,48852,64096,83237,65433,73020,79567,65891,53409,49852,74280,57233,44685,35379,44994,43977,38907,40694,39141,26360,25289,26032,29909,41721,
Djibouti,DJI,Aquaculture production (metric tons),ER.FSH.AQUA.MT,,,,,,,,,,,,,,,,,,,,,,,,,,,,,,,,,,,,,,,,,,,,,,,,,,,,,,,,,,
Dominica,DMA,Aquaculture production (metric tons),ER.FSH.AQUA.MT,,,,,,,,,,,,,,,,,,,,,,,,,0,0,0,0,0,0,0,0,6,3,3,4,4,5,5,5,7,12,13,13,18,19,24,24,24,24,11,6,6,6,6,6,6,
Denmark,DNK,Aquaculture production (metric tons),ER.FSH.AQUA.MT,6045,7538,7700,7824,8263,10809,10135,10638,12178,11147,9272,11910,13914,13176,12190,15188,14149,13633,16060,17118,18555,21202,21655,25363,23609,24244,24402,25851,28659,33059,41946,42098,43264,39739,42892,44730,41924,39697,42368,42670,43609,41573,32026,37772,42814,39012,37188,31168,36066,35130.4,36175,35918,34585.54,37707.2,34382.2,35866.7,36337,
Dominican Republic,DOM,Aquaculture production (metric tons),ER.FSH.AQUA.MT,,,,,,,,,,,0,0,0,0,0,0,0,0,0,0,0,0,0,3,50,193,301,323,277,221,280,615,815,1347,3982,2206,789,677,810,748,2125,2647,3554,1944,2000,980,980,1080,1080,1230,1280,2147.9,1031.8,1485,2082.5,2185,2285,
Algeria,DZA,Aquaculture production (metric tons),ER.FSH.AQUA.MT,0,0,0,0,0,0,0,0,0,0,0,0,0,0,0,0,0,0,0,0,0,0,0,2,95,141,250,274,304,368,407,150,147,300,389,369,322,322,283,250,351,454,476,417,586,368,288,405,2779.916,2163.232,1758.742,2245.77,2644.002,2192.881,2410.973,1332.99,1361,
East Asia & Pacific (excluding high income),EAP,Aquaculture production (metric tons),ER.FSH.AQUA.MT,1094276,933573,907295,1019266,1155296,1307666,1466315,1484914,1527913,1729814,1757692,2053258,2197696,2113441,2319205,2520256,2580256,3246975,3499320,3523623,3890227,3985027,4282831,4843630,5640803,6509095,7322568,8473934,9627141,10484716,10675608,11941324,14456621.9,17658772.03,20545041,23602943,25951664,25754991,27834246,30450295.02,32655793,34502820.4,37014202,39342526,42779015.7,45698490.3,48623715.4,51507060.1,54419126.95,58373230.64,62712547.7,66844446.3,72646410.78,79180328.95,82080745.58,85650812.49,89382786.6,
Early-demographic dividend,EAR,Aquaculture production (metric tons),ER.FSH.AQUA.MT,250769,264503,274795,283773,298833,310648,328116,345670,381834,397948,420188,450596,477248,516505,571545,605367,654852,724927,843439,939054,1087010,1210130,1339509,1512887,1630186,1770821,1894107,2191506,2435714,2627883,2791389,3090311,3382563,3533318,3770609,4115852,4530410,4686566,4889276,5430792,5564256,6123486,6603444,7231296,8564267.2,9819611.92,10882308.8,11753129.1,13643983.72,14777144.29,17091268.26,19112942.12,21659738.38,25917014.48,27681465.63,29537944.1,31366098.16,
East Asia & Pacific,EAS,Aquaculture production (metric tons),ER.FSH.AQUA.MT,1478799,1364098,1378861,1577531,1691805,1857975,2068844,2161102,2275890,2404575,2563307,2956738,3163255,3357002,3740085,3860916,4074376,4841494,5085152,5188480,5714765,5964103,6163442,6912489,7802611,8765669.206,9869866.104,10930811,12306890,13016453,13231985,14457079,17150922.9,20443822.21,23429774.96,26403155.7,28584609.38,28523354.19,30307728,32940573.84,35002204.67,36920383.02,39678739.84,41985429.06,45471759.5,48481802.13,51618326.5,54697293.29,57515792.34,61427094.23,65751945.49,69777120.65,75772370.52,82281929.48,85209921.18,88944350,92785938.32,
Europe & Central Asia (excluding high income),ECA,Aquaculture production (metric tons),ER.FSH.AQUA.MT,14660,15380,14800,14420,18260,19130,18920,24950,20610,21550,24850,27770,33840,33353,40069,39359,44606,44410,44380,46073,47885,53731,60736,48268,63110,56882,64922,58498,383257,405669,463982,293503,258282,241702,195249,174129,154243,169330,181378,200983,218259,216023,226268.76,250980.1,264744.4,300487,302900.05,337049.8,363077.72,376815.578,388344.367,416101.595,465023.25,508658.99,526545.68,530903.35,571482.85,
Europe & Central Asia,ECS,Aquaculture production (metric tons),ER.FSH.AQUA.MT,261934,279060,325424,333898,359826,375837,355332,359314,405595,421634,472162,462284,559283,556672,586590,639914,620374,693358,732189,707372,730339,797569,862011,887447,903543,990333,1022837,1049738,1438686,1495156,1627793,1481996,1392890,1403206,1515927,1627416,1711454,1803809,1984332,2141310,2139974,2163100,2108011.76,2244610.1,2269426.4,2257213,2329790.25,2516668.2,2491987.82,2691676.808,2707985.182,2857934.635,3069258.071,3003474.464,3185507.105,3238320.336,3257547.61,
Ecuador,ECU,Aquaculture production (metric tons),ER.FSH.AQUA.MT,0,0,0,0,0,0,0,0,0,10,50,50,200,513,1030,1591,2155,3552,4113,5009,9565,12554,22016,36273,34225,30876,44339,70099,75631,71211,77730,107145,116694,87763,89096,106223,108880,134497,145790,126575,61311,57587,77636,95278,108673,138562,169588,171020,173022,219263,272520.8,309502,322455,332182,368207,426410.4,451089.9,
"Egypt, Arab Rep.",EGY,Aquaculture production (metric tons),ER.FSH.AQUA.MT,4600,5200,5200,6000,7000,6200,5900,5600,5600,5900,6000,7000,8000,9000,9000,9000,11000,13000,15000,17000,19000,21000,24000,25000,27000,41846,45500,46400,52200,60500,61916,61617,63895,51210,56603,71815,91137,85704,139389,226276,340093,342864,376296,445181,471535,539748,595030,635516,693815,705490,919585,986820,1017738,1097544,1137091,1174831,1370660,
Euro area,EMU,Aquaculture production (metric tons),ER.FSH.AQUA.MT,220684,233396,280611,286731,305153,317854,296396,293454,339359,354561,407410,391880,474329,472817,495698,544898,520364,591456,630744,601919,619601,661714,708585,729656,733099,810998,817002,829424,843166,826507,851075,850632,822665,807407,889206,959926,997686,1006002,1119999,1144352,1116236,1084460,980889,1036926,977641,960142,984698.2,1006528.4,923158.1,963260.08,920149.305,904924.564,868568.678,830850.714,882875.655,890380.586,926380.097,
Eritrea,ERI,Aquaculture production (metric tons),ER.FSH.AQUA.MT,,,,,,,,,,,,,,,,,,,,,,,,,,,,,,,,,,,,,,,,,12,32,42,42,10,0,0,0,0,0,0,0,0,0,0,0,0,
Spain,ESP,Aquaculture production (metric tons),ER.FSH.AQUA.MT,6300,8000,56600,64200,65200,66900,65300,52000,69700,95800,156200,146700,164300,166900,173927,168312,186900,193768,235500,206760,205638,215150,225730,229310,247426,266608,268449,270734,271403,222924,203766,224971,168759,126130,177940,223965,231633,239169,313908,318469,309229,309091,254949,268279,293839,219335,292829.2,281729.4,249714.5,266668.8,252352.2,271962.9,264163,223710,282241.5,289821.2,283830.9,
Estonia,EST,Aquaculture production (metric tons),ER.FSH.AQUA.MT,,,,,,,,,,,,,,,,,,,,,,,,,,,,,401,1232,936,1337,693,330,417,315,272,260,260,200,225,467,257,372,252,555,703,772,813,653.6,573.04,388.34,581.398,733.214,870.475,798.7,867.733,
Ethiopia,ETH,Aquaculture production (metric tons),ER.FSH.AQUA.MT,,,,,,,,,,,,,,,,,,,,,,,,,,,,,1,33,36,36,22,28,33,55,38,24,14,15,15,15,15,15,25,25,25,25,25,25,25,25,38,45.3,85.5,90.5,95,
European Union,EUU,Aquaculture production (metric tons),ER.FSH.AQUA.MT,259974,278080,325124,333678,359075,375455,354908,358746,404920,420857,471282,461278,557814,554862,583483,636435,615816,688115,724843,698253,720215,781828,843583,860856,873745,949815,965126,983248,1023246,1022170,1038988,1042863,1013856,1003767,1109704,1187650,1233251,1257786,1382363,1435350,1405577,1396160,1281713,1352858,1322449,1272439,1299109.2,1317589.4,1246983.1,1309009.368,1264640.552,1245608.609,1217082.338,1188986.994,1255435.955,1264674.486,1292597.217,
Fragile and conflict affected situations,FCS,Aquaculture production (metric tons),ER.FSH.AQUA.MT,80,110,140,180,230,290,350,430,521,686,808,1030,1577,2252,3232,3951,4781,5350,5918,6507,7286,8120,8991,9898,11651,13680,16451,14912,15941,15810,18670,24173,42011,64688,78832,88789,93886,102762,107726,115251,126368,147319,215177,282321,441755.2,532947.8,622159.6,645960.6,721204.34,829720.86,912773.8,880494.2,961548.3,995057.75,1042833.31,1081682.2,1104510.5,
Finland,FIN,Aquaculture production (metric tons),ER.FSH.AQUA.MT,0,0,0,0,0,50,190,390,600,800,999,1201,1403,1200,1800,1800,2500,2500,3455,3275,4921,5698,6334,7746,9586,10166,11006,12689,16367,18550,18550,19271,17909,17526,16682,17345,17659,16426,16024,15449,15400,15739,15132,12558,12821,14355,12891,13025,13439,13627,11772,11275,12659,13613,13465,14877,14412.17,
Fiji,FJI,Aquaculture production (metric tons),ER.FSH.AQUA.MT,0,0,0,0,0,0,0,0,0,0,0,0,0,0,0,0,0,0,0,0,0,0,0,0,6,757,8660,10896,5089,6045,6353,3493,2498.9,1832.034,184,200,255,365,2408,16860.02,6991,4927,1206,394,561.5,561.5,1618,830,888,670.026,767.5,646,727,637,744,744,754,
France,FRA,Aquaculture production (metric tons),ER.FSH.AQUA.MT,111100,116700,106900,110000,98220,111650,102700,115255,108610,104725,106444,85280,128308,127366,137010,164937,148586,180727,163893,188692,207039,200250,192707,196288,192609,226903,243671,231894,227544,225122,256653,245094,250254,277323,280954,280786,285526,287243,267850,264857,266802,251655,251758,239601,242167,244925,237375,237451,238248.6,234000,203402,194110.7,205548,200596.1,180789.8,163731.6,166640,
Faroe Islands,FRO,Aquaculture production (metric tons),ER.FSH.AQUA.MT,,,,,,,,,,,0,5,10,25,40,80,51,102,305,100,222,445,360,390,513,1620,2520,4523,5260,8131,13076,18283,19098,18752,15332,8611,17584,22538,20436,42544,34823,49167,56102,62746,46077,23455,18574,30699,46673,59295,47575,60473,76564,75909,86454,80600,83300,
"Micronesia, Fed. Sts.",FSM,Aquaculture production (metric tons),ER.FSH.AQUA.MT,,,,,,,,,,,,,,,,,,,,,,,,,0,85,1,1,1,1,0,0,0,0,0,0,0,0,0,0,0,0,0,0,0,0,0,0,0,0,0,0,0,0,0,0,0,
Gabon,GAB,Aquaculture production (metric tons),ER.FSH.AQUA.MT,,,,,,,,,,,0,0,0,0,0,0,0,0,0,0,0,0,0,0,2,2,3,3,2,2,2,3,5,8,28,39,62,57,158,558,558,102,83,80,80,78,126,124,124,126,130,130,48,46,45,45,45,
United Kingdom,GBR,Aquaculture production (metric tons),ER.FSH.AQUA.MT,35,135,35,35,200,300,200,200,200,200,444,516,213,401,556,876,690,585,888,2351,2855,4049,11987,11684,17612,20104,24013,29435,36392,49316,50044,60887,56824,68774,85701,93838,109901,129715,137421,154800,152485,170516,179036,181838,207203,172813,171848,174200,175702,196597.8,201363.8,198967.6,205594.7,203263,214707.4,211749.4,194492.2,
Georgia,GEO,Aquaculture production (metric tons),ER.FSH.AQUA.MT,,,,,,,,,,,,,,,,,,,,,,,,,,,,,1273,630,607,2660,1045,580,228,157,101,61,96,83,86,80,52,56,72,72,75,180,466,470,470,650,650,650,670,670,670,
Ghana,GHA,Aquaculture production (metric tons),ER.FSH.AQUA.MT,,,,,,,4,10,20,46,94,122,142,168,181,199,219,238,256,273,289,306,329,353,450,357,359,386,427,330,360,410,430,465,500,550,550,400,1800,2900,5000,6000,6000,938,950,1154,2270,3820,5594,7154,10200,19092,27450,32513,38545,44610,52480,
Gibraltar,GIB,Aquaculture production (metric tons),ER.FSH.AQUA.MT,,,,,,,,,,,,,,,,,,,,,,,,,,,,,,,,,,,,,,,,,,,,,,,,,,,,,,,,,,
Guinea,GIN,Aquaculture production (metric tons),ER.FSH.AQUA.MT,,,,,,,,,,,,,,,,,,,,,,,,,3,3,2,2,1,1,1,1,5,5,5,4,4,0,0,0,0,0,2,2,2,100,110,110,170,177,185,200,250,250,250,250,250,
"Gambia, The",GMB,Aquaculture production (metric tons),ER.FSH.AQUA.MT,,,,,,,,,,,,,,,,,,,,,,,,,0,0,0,0,0,53,60,0,0,0,0,0,4,4,4,4,5,5,5,5,5,5,75,25,25,25,25,33,33,33,35,35,35,
Guinea-Bissau,GNB,Aquaculture production (metric tons),ER.FSH.AQUA.MT,,,,,,,,,,,,,,,,,,,,,,,,,,,,,,,,,,,,,,,,,,,,,,,,,,,,,,,,,,
Equatorial Guinea,GNQ,Aquaculture production (metric tons),ER.FSH.AQUA.MT,,,,,,,,,,,,,,,,,,,,,,,,,,,,,,,,,,,,,,,,,,,,,,,2,2,2,3,15,17,15,15,15,15,15,
Greece,GRC,Aquaculture production (metric tons),ER.FSH.AQUA.MT,330,290,390,450,530,620,630,800,860,950,1040,975,1080,1230,1400,1520,1612,1704,1826,1872,1963,2065,2110,2260,2542,2377,2296,2741,4087,4737,9523,12615,20306,32578,33182,32644,39852,48838,59926,84274,95418,97512,87928,101434,97143,106208,113384,113297,115068,122011,121244,110809.1,110973.5,113999.9,104663,107161.8,123409.7,
Grenada,GRD,Aquaculture production (metric tons),ER.FSH.AQUA.MT,,,,,,,,,,,,,,,,,,,,,,,,,0,0,0,0,0,0,0,0,0,0,0,0,0,0,0,1,4,0,,,,,,,,,,,,,,,,
Greenland,GRL,Aquaculture production (metric tons),ER.FSH.AQUA.MT,,,,,,,,,,,,,,,,,,,,,,,,,,,,,,,,,,,,,,,,,,,,,,,,,,,,,,,,,,
Guatemala,GTM,Aquaculture production (metric tons),ER.FSH.AQUA.MT,,,,,,,,,,,,,,,,,,,,,,8,9,12,61,459,528,651,920,713,904,831,1235,3286,4393,3675,3421,4407,3124,4850,3963,5100,7978,6346,4908,9008,16293,16400,18727,16623,22792.23,21468,17743,17047,20761.5,22049,26268,
Guam,GUM,Aquaculture production (metric tons),ER.FSH.AQUA.MT,,,,,,,,,,,0,0,0,0,0,0,0,0,0,2,4,11,45,37,47,85,142,180,198,210,212,176,187,211,215,216,220,220,220,230,232,232,233,160,160,160,162,162,162,140.5,129,111,111,110,110,110,110,
Guyana,GUY,Aquaculture production (metric tons),ER.FSH.AQUA.MT,,,,,,,,,,,0,0,0,0,0,0,0,0,0,0,0,0,0,14,17,27,65,70,43,35,50,65,85,140,210,230,250,270,300,606,605,608,608,608,608,608,660,660,292,510.96,487.6,263.1,261.178,220.65,367.496,417.64,336.7,
High income,HIC,Aquaculture production (metric tons),ER.FSH.AQUA.MT,748544,809876,905327,1015039,1017115,1054634,1067196,1150915,1278492,1206414,1438216,1521338,1683573,1957217,2151918,2176831,2270974,2435917,2450633,2482559,2692672,2971636,2964724,3195315,3358219,3545978.206,3916129.104,3880700,4169068,4094487,4168153,4242610,4424089,4573847.172,4861503.96,4965604.699,5008804.38,5332112.188,5208995.001,5358859.822,5310182.667,5665869.624,5870713.841,6003526.058,6192592.703,6197704.328,6598808.801,6910579.592,6811534.39,6945161.374,6790359.14,6961707.053,7459968.987,7289877.755,7641437.882,7741972.024,7863565.196,
"Hong Kong SAR, China",HKG,Aquaculture production (metric tons),ER.FSH.AQUA.MT,600,665,690,700,1390,1279,1138,1169,1852,2140,3113,3287,3619,4010,4287,5239,6086,5101,6816,7383,7887,7913,9287,8540,8356,7901,9121,10436,10778,9529,10256,10624,9333,9299,8966,8571,8418,8310,6439,6052,4988,5627,4302,4857,4615,4130,4125,4514,4754,4819,4338,3438,4093,3764,3897,3894,4258,
Honduras,HND,Aquaculture production (metric tons),ER.FSH.AQUA.MT,,,,,,,,,,,0,0,0,0,2,9,14,23,36,55,86,127,190,268,581,465,985,2049,2845,3318,3401,4175,5707,8341,8990,7241,10295,9472,8080,8789,10053,13386,16957,23547,27036,49249,55356,54689,47080,28858,27509,50295,52436,53100,61750,55100,53100,
Heavily indebted poor countries (HIPC),HPC,Aquaculture production (metric tons),ER.FSH.AQUA.MT,,,,,,,4,10,20,106,254,282,402,428,343,345,510,638,714,788,989,1138,1400,1802,2922,2860,4317,5913,7002,9072,9959,11427,17036,20942,23055,24516,29246,32540,30434,35014,41677,50063,63874,69893,70476,101612.15,138714.2,160056.2,160519.25,170149.36,195366.3,218807.245,252702.758,277170.2,314488.756,332788.25,358338.52,
Croatia,HRV,Aquaculture production (metric tons),ER.FSH.AQUA.MT,,,,,,,,,,,,,,,,,,,,,,,,,,,,,,,,,6802,4603,4941,4007,2889,3510,5989,6313,6876,10468,9095,9505,10917,12127,15497,14045,13878,14228.55,13990.51,12846,10440.36,12018.9,13149.23,15571.5,15804.76,
Haiti,HTI,Aquaculture production (metric tons),ER.FSH.AQUA.MT,,,,,,,,,,,,,,,,,,,,,,,,,,,,,,,,,,,,,,,,,12,12,12,12,32,32,32,162,162,225,360,600,720,800,1010,1220,1220,
Hungary,HUN,Aquaculture production (metric tons),ER.FSH.AQUA.MT,10000,12500,13750,15150,16100,17280,18590,19230,19800,20300,19500,19000,22600,21626,21791,21950,21923,21889,21787,21619,22570,26330,26180,27790,16473,18315,16997,17948,17970,20548,17600,14434,14230,9492,9899,9360,8080,9334,10222,11947,12886,13056,11574,11870,12744,13661,14686,15864,15687,14825,14245,15584,15133,14918,15326,17337,16247.97,
IBRD only,IBD,Aquaculture production (metric tons),ER.FSH.AQUA.MT,1161343,1006009,981678,1099210,1245782,1401383,1563905,1589535,1624594,1823338,1848322,2147141,2302288,2222360,2435855,2639089,2705323,3375671,3624637,3650083,4019443,4121388,4425857,4968403,5715211,6603416,7386087,8453388,10036847,10941486,11535912,12855511,15407229.9,18532534.03,21862622,25187478,27744336,28056646,30285886,33186555.02,35436137,37678222.4,40303081.76,42852221.1,46822838.4,50035328,53333866.35,56217425.5,60014767.93,63923645.02,68376176.79,72863861.87,79405269.29,86382246.63,89962002.87,93801751.37,98254033.96,
IDA & IBRD total,IBT,Aquaculture production (metric tons),ER.FSH.AQUA.MT,1214215,1060541,1037843,1157165,1305600,1464738,1627501,1655180,1690590,1893355,1920807,2223620,2379937,2302850,2517473,2724039,2795240,3467010,3722794,3754234,4129194,4239010,4550805,5101647,5862689,6765184,7570853,8662116,10295799,11233896,11831110,13189127,15770660.9,18932839.03,22298831,25688685,28316149,28764486,31080730,34033047.02,36371669,38752741.4,41556095.76,44265648.1,48478686.6,51798177.92,55306460.39,58298357.19,62297927.17,66418706.75,71298909.89,76058218.88,82960199.24,90202268.51,94032737.56,98052938.05,102728785.9,
IDA total,IDA,Aquaculture production (metric tons),ER.FSH.AQUA.MT,52872,54532,56165,57955,59818,63355,63596,65645,65996,70017,72485,76479,77649,80490,81618,84950,89917,91339,98157,104151,109751,117622,124948,133244,147478,161768,184766,208728,258952,292410,295198,333616,363431,400305,436209,501207,571813,707840,794844,846492,935532,1074519,1253014,1413427,1655848.2,1762849.92,1972594.043,2080931.69,2283159.24,2495061.73,2922733.1,3194357.015,3554929.948,3820021.88,4070734.696,4251186.686,4474751.963,
IDA blend,IDB,Aquaculture production (metric tons),ER.FSH.AQUA.MT,3555,3853,4081,4397,4740,5003,5294,5605,5881,6206,6549,6913,7255,7699,8112,8641,9187,9734,10293,10839,11503,12176,12917,13842,15693,17036,14645,15226,46197,64908,48277,59280,52932,53383,47180,44751,40088,49053,46565,53743,48566,91486,107568,114697,134323,151654.97,221720.243,235317.39,300126.04,315416.36,374965.9,414856.1,456373.8,501177.5,545443,555467.55,548958.54,
Indonesia,IDN,Aquaculture production (metric tons),ER.FSH.AQUA.MT,80639,86172,89263,88224,93148,93898,104339,112101,104175,105690,108706,114121,118952,129830,136244,149633,156744,173780,189266,202202,225296,269959,273541,303941,330764,359626,411552,456727,499597,527897,599824,607507,645368,710414,703522,743092,881098,777547,747007,882989,993727,1076749,1137151,1228559,1468612,2124093,2479247,3137376,3854944,4712847,6277924,7937072,9599765,13300000,14400000,15600000,16600000,
IDA only,IDX,Aquaculture production (metric tons),ER.FSH.AQUA.MT,49317,50679,52084,53558,55078,58352,58302,60040,60115,63811,65936,69566,70394,72791,73506,76309,80730,81605,87864,93312,98248,105446,112031,119402,131785,144732,170121,193502,212755,227502,246921,274336,310499,346922,389029,456456,531725,658787,748279,792749,886966,983033,1145446,1298730,1521525.2,1611194.95,1750873.8,1845614.3,1983033.2,2179645.37,2547767.2,2779500.915,3098556.148,3318844.38,3525291.696,3695719.136,3925793.423,
Isle of Man,IMN,Aquaculture production (metric tons),ER.FSH.AQUA.MT,,,,,,,,,,,,,,,,,,,,,,,,,,,,,,,,,,,,,,,,,,,,,,,,,,,,,,,,,,
India,IND,Aquaculture production (metric tons),ER.FSH.AQUA.MT,44843,49359,54368,59927,66096,72947,80561,89022,98471,109321,121671,136697,153958,173080,192321,213817,238123,264948,294854,328082,365180,406622,452939,504733,572000,633250,686260,788310,893330,1004500,1017136,1225261,1395444,1416702,1519528,1658807,1758739,1864322,1908485,2134814,1942531,2120634,2189445,2316947,2804362,2973126,3182817,3114762,3855763,3798842,3790021,3677584,4213980,4555209,4893002,5263002,5703002,
Not classified,INX,Aquaculture production (metric tons),ER.FSH.AQUA.MT,,,,,,,,,,,,,,,,,,,,,,,,,,,,,,,,,,,,,,,,,,,,,,,,,,,,,,,,,,
Ireland,IRL,Aquaculture production (metric tons),ER.FSH.AQUA.MT,2100,900,500,1100,1000,1100,900,1300,2600,3000,3701,4906,5512,3423,3809,4258,5019,4654,4069,3692,5639,5811,6982,7078,15322,11964,12741,18693,18327,20790,26673,27749,27157,30158,28615,27366,34925,36854,42375,43856,51247,60940,62568,62516,58359,60050,53122,57104,44867.5,47511.68,46490.3,44266.32,36102.01,34198.2,31200.2,39650,40244.43,
"Iran, Islamic Rep.",IRN,Aquaculture production (metric tons),ER.FSH.AQUA.MT,0,0,0,0,0,0,0,0,0,0,0,60,155,311,887,1510,2675,3800,4935,7040,9263,11197,13356,15368,18369,17776,20930,24820,26400,26000,27147,20226,21806,21882,25899,28636,29977,30279,33237,31800,40550,62550,76817,91714,104330,111761,129468,158549,154726,179552,220034,247262,296514,325325,320174,346118,398129,
Iraq,IRQ,Aquaculture production (metric tons),ER.FSH.AQUA.MT,0,0,0,0,,,,,,2,10,100,500,1000,1800,2300,2746,3000,3238,3443,3622,3774,3899,3997,4476,4441,4564,5250,5000,3000,1600,1750,4750,4000,4100,2600,2500,3400,7500,2183,1745,2000,2000,2000,13947,17941,14867,15810,19246,18732,20320,16290,25040,14060,26625,24803,28835,
Iceland,ISL,Aquaculture production (metric tons),ER.FSH.AQUA.MT,0,0,0,0,0,0,0,0,0,0,0,0,0,0,0,2,8,15,23,32,43,59,80,107,137,103,273,643,1209,1677,2829,2873,2524,2917,3222,3485,3687,3663,3868,3897,3623,4371,3585,6214,8868,8256,8241,4823,5098,5165,5050,5308.5,7431.3,7053,8433.5,8382.6,15129,
Israel,ISR,Aquaculture production (metric tons),ER.FSH.AQUA.MT,9271,10054,9985,11282,11812,11673,10526,9637,10827,11180,12815,13626,14095,14283,12416,12441,12446,13353,12969,12283,11391,11263,11260,11024,11514,12954,12289,14027,15135,14593,14638,15102,12211,13604,14984,16180,17553,18264,18556,18777,20098,21318,22256,20776,22303,22409,22117,21434,20017,19177,19895,20817,20342.4,22251.6,20166,19640,18914,
Italy,ITA,Aquaculture production (metric tons),ER.FSH.AQUA.MT,2794,4776,6531,8001,9893,11813,13573,16711,20473,22748,28632,35443,31224,29074,41786,51088,56653,60543,64228,70479,74640,83584,87547,89848,96900,104301,107130,110616,131499,132971,153744,175193,170377,166320,176421,214725,189373,195719,208625,210368,216525,218330,184285,191884,118217,181101,172793,179409,149002.8,162431.5,153493.7,164150.7,137041,140879,148730.3,148762.6,157108.5,
Jamaica,JAM,Aquaculture production (metric tons),ER.FSH.AQUA.MT,0,0,0,0,0,0,0,0,0,0,0,0,0,0,0,0,0,2,38,25,20,32,135,148,355,850,1462,2201,2772,3092,3404,3140,3240,3340,3440,3550,3500,3450,3410,4150,4512,4512,6150,2969,4495,5670,8019,5616,5950,5184,3952,1152,651.05,837.9,712,667,620,
Jordan,JOR,Aquaculture production (metric tons),ER.FSH.AQUA.MT,,,,,,,,,,,,,,,,,,,,,,,15,15,30,45,65,70,70,55,60,20,22,60,86,170,181,200,293,515,569,540,515,650,487,561,560,509,540,440,541,575,600,720,885,885,885,
Japan,JPN,Aquaculture production (metric tons),ER.FSH.AQUA.MT,308044,347634,389701,419315,399167,412523,442172,513304,574487,526565,597395,658832,703271,854553,946292,844119,926711,943746,1007675,977359,1085656,1051868,1035020,1153787,1208031,1184219,1291958,1234254,1426063,1370564,1369751,1359270,1397089,1359476,1420526,1389676,1349462,1339910,1290515,1315324,1291735,1311829,1385099,1301794,1261003,1254143,1224189,1284425,1186722,1243358,1151101,907971.6,1073821,1027951,1021849,1105652,1067994,
Kazakhstan,KAZ,Aquaculture production (metric tons),ER.FSH.AQUA.MT,,,,,,,,,,,,,,,,,,,,,,,,,,,,,7034,9050,9450,13382,3379,2928,1161,1948,1682,1921,1106,1193,813,309,778,820,188.2,123,256,170,206,303,224,858,738,811,410,730.4,1878,
Kenya,KEN,Aquaculture production (metric tons),ER.FSH.AQUA.MT,380,410,360,380,430,399,370,360,317,293,240,220,170,180,160,150,160,160,180,160,160,160,195,201,207,213,224,210,561,972,1236,1178,1136,1145,1385,1302,579,199,153,300,512,1009,798,1012,1035,1047,1012,4240,4452,4895,12194,22295,21888,23901,24498,19058,15360,
Kyrgyz Republic,KGZ,Aquaculture production (metric tons),ER.FSH.AQUA.MT,0,0,0,0,0,0,0,0,0,0,0,0,0,0,0,0,0,0,0,0,0,0,0,0,0,0,0,0,1108,1135,982,974,642,223,163,207,185,168,162,71,58,144,94,12,20,20,20,107,92,133,352,394.5,297,300,577.93,1068.4,1930.7,
Cambodia,KHM,Aquaculture production (metric tons),ER.FSH.AQUA.MT,,,,,,,,,,,,,,,,,4,11,25,53,106,240,464,934,1610,3000,2200,2500,4600,5538,6400,6700,8550,7900,8200,9511,9600,11800,14100,15000,14430,17500,18250,26300,37515,44000,41010,35260,40000,50000,60000,72000,74000,90000,120055,143000,172500,
Kiribati,KIR,Aquaculture production (metric tons),ER.FSH.AQUA.MT,,,,,,,,,,,,,,,,,,,,,,,,,13,15,1530,349,443,1228,5116,8209,3513,1684,3200,5265,9489,7383,5942,9409,11188,9282,4262,3913,3913,5012,8849,1117,1094.14,1798.16,4756,4293,8291,2261,3582,3602,3652,
St. Kitts and Nevis,KNA,Aquaculture production (metric tons),ER.FSH.AQUA.MT,0,0,0,0,0,0,0,0,0,0,0,0,0,0,0,0,0,0,0,0,,,,,,,,,,3,3,3,0,0,0,0,0,0,0,1,1,1,1,1,1,1,1,1,1,1,1,1,1,1,1,1,1,
"Korea, Rep.",KOR,Aquaculture production (metric tons),ER.FSH.AQUA.MT,18637,17404,23901,80479,72557,73350,91626,96450,105769,80605,124058,151885,163955,265546,343865,352495,412663,493461,395177,484844,545133,704890,603311,645426,679342,790769,952388,875568,898649,858573,788565,787977,955477,1056503,1092988,1017254,897041,1040210,796632,777711,667883,668022,794340,839845,952856,1057725,1279163,1399075,1394818,1331719,1377233,1499335,1509226,1533446,1567442,1676485,1859220,
Kuwait,KWT,Aquaculture production (metric tons),ER.FSH.AQUA.MT,0,0,0,0,0,0,0,0,0,0,0,0,0,0,0,0,0,0,0,0,0,0,0,0,0,2,3,5,8,10,0,0,0,0,0,90,90,204,220,264,376,195,195,366,375,327,568,348,291.215,272,310,319,309,303,297,262,196.16,
Latin America & Caribbean (excluding high income),LAC,Aquaculture production (metric tons),ER.FSH.AQUA.MT,100,114,120,120,80,80,100,172,240,420,1019,1285,1704,3543,4212,6279,7047,9470,12858,16748,26016,34741,49112,66250,65906,70011,82126,117486,131295,134565,155094,195470,230259,212620,232364,276659,329193,389920,424399,465546,443515,495388,579032,646372,704648,773996,870969.743,889602.29,958611.04,1026994.09,1145590.01,1242557.45,1303573.558,1341264.85,1557864.236,1602332.49,1655317.52,
Lao PDR,LAO,Aquaculture production (metric tons),ER.FSH.AQUA.MT,,,,16,24,32,48,72,96,128,160,216,272,344,432,536,664,808,984,1184,1408,1680,1984,2328,2500,4000,5000,6000,7000,8000,10000,10500,10760,11000,11200,12880,16000,21143,21216,30362,42066,50000,59716,64900,64900,60000,60000,63250,64300,75000.5,82100,95600,101895,108000,108360,95965,109835,
Lebanon,LBN,Aquaculture production (metric tons),ER.FSH.AQUA.MT,,,,,,,,,,,,,,,,5,10,20,40,25,40,70,120,200,300,300,375,200,100,100,80,80,130,180,200,300,350,300,400,300,400,300,790,795,795,813,813,818,975,1080,1180,1280,1280,1180,1125,1025,1015,
Liberia,LBR,Aquaculture production (metric tons),ER.FSH.AQUA.MT,,,,,,,,,,,0,0,0,0,0,0,0,0,0,0,0,0,35,9,7,8,6,3,2,3,0,0,0,0,0,0,0,0,,,22,14,14,14,13,13,13,13,16,16,20,20,30,30,40,40,40,
Libya,LBY,Aquaculture production (metric tons),ER.FSH.AQUA.MT,0,0,0,0,0,0,0,0,0,0,0,0,0,0,0,0,0,0,0,0,0,0,0,0,0,0,0,30,30,50,70,70,80,10,10,40,40,40,40,40,40,40,40,160,288,388,388,240,110,110,110,10,10,10,10,10,10,
St. Lucia,LCA,Aquaculture production (metric tons),ER.FSH.AQUA.MT,,,,,,,,,,,0,0,0,0,0,0,0,0,0,0,0,0,0,0,0,100,100,100,35,40,40,40,21,9,11,11,12,3,2,137,1,29,18,22,6,15,10.243,10.39,7.04,12.36,20.9,21.8,27.9,44.3,36.2,26.1,32.44,
Latin America & Caribbean,LCN,Aquaculture production (metric tons),ER.FSH.AQUA.MT,180,194,211,222,194,205,335,324,434,636,1221,1520,1989,3944,4691,6866,7837,10360,14048,18420,28374,38015,55544,69731,76190,80630,95846,135739,168426,190273,229472,305214,351068,353701,423327,490034,658807,773614,794303,774779,872415,1131961,1201972,1262003,1410240.5,1523714.5,1715008.243,1707745.89,1840553.73,1917233.39,1868011.36,2222808.97,2389701.86,2399425,2799851.886,2673182.918,2718069.258,
Least developed countries: UN classification,LDC,Aquaculture production (metric tons),ER.FSH.AQUA.MT,49317,50679,52084,53558,55078,58352,58298,60030,60094,63761,65834,69434,70237,72603,73303,76071,80427,81224,87409,92754,97364,104197,110390,117375,128644,140901,165889,188737,201820,216512,235622,261527,296279,329979,372480,439391,510365,638873,724965,769021,857663,950082,1108745,1258370,1475521.2,1540822.95,1671727.8,1765647.8,1904922.59,2115261.11,2482976.1,2683820.015,2985127.57,3199789.161,3388146.188,3565424.151,3789962.023,
Low income,LIC,Aquaculture production (metric tons),ER.FSH.AQUA.MT,5236,6287,7556,9229,11410,14143,17844,24699,40237,55934,71979,88421,105737,124063,143741,166321,193938,224904,259597,299881,349863,407563,474874,553940,700147,752455,863693,1089267,1103369,1216063,919166,970566,1123801,1152290,838985,762432,807947,519326,510701,513563,505383,550169,559957,565808,565322,574211.15,605938.2,625312.2,628726.25,648655.5,673797.9,671481.145,685993.38,695557.55,766528.86,787271.11,801111.82,
Liechtenstein,LIE,Aquaculture production (metric tons),ER.FSH.AQUA.MT,,,,,,,,,,,,,,,,,,,,,,,,,,,,,,,,,,,,,,,,,,,,,,,,,,,,,,,,,,
Sri Lanka,LKA,Aquaculture production (metric tons),ER.FSH.AQUA.MT,0,0,0,0,0,0,0,0,0,0,0,5,10,20,20,20,20,20,24,27,31,47,56,70,40,280,430,530,699,730,1030,1530,2030,2530,3130,3359,3632,3680,6570,3900,4420,3610,2651,3462,4003,4304,5652,8233,7474,7548.679,8058.14,11912.22,8839.756,30881.3,34220.3,36037.75,30974.22,
Lower middle income,LMC,Aquaculture production (metric tons),ER.FSH.AQUA.MT,281383,297158,310350,320926,338487,353343,374850,396099,433854,452551,475655,508108,536790,577086,635946,670604,721737,791134,909960,1004843,1148650,1268110,1387756,1548995,1669577,1814767,1919230,2195195,2544551,2761738,2873916,3128472,3425929,3610404,3958504,4323387,4633722,4760726,4951838,5562327,5827582,6434323,6998245.76,7781022.1,9310331.4,10722063.77,11928860.6,13212145.6,15493144.34,16663106.1,19035420.99,21151561.29,23903583.55,28252045.01,30055272.46,31938990.65,33818818.5,
Low & middle income,LMY,Aquaculture production (metric tons),ER.FSH.AQUA.MT,1211271,1058048,1037808,1157492,1306296,1469056,1634998,1669811,1718230,1936298,1982865,2301613,2472281,2412781,2647430,2875501,2974071,3674276,3969673,4042581,4466808,4628877,5006188,5633694,6531604,7484051,8398224,9709470,11328722,12358452,12638656,14008385,16724075.9,19911392.03,22911725,26206689,28774562,28873727,31195673,34205382.02,36400327,38604077.4,41426779.76,44139376.1,48262034.1,51528905.42,54946147.89,57976111.89,61910396.48,66022569.22,71072255.92,75569710.08,82366752.37,89635762.55,93323005.66,97515877.67,102195552.7,
Lesotho,LSO,Aquaculture production (metric tons),ER.FSH.AQUA.MT,0,0,0,0,0,0,0,0,0,0,0,0,0,0,10,23,27,22,24,27,23,15,19,20,13,23,25,26,30,25,20,15,17,18,18,14,14,14,8,4,8,8,8,4,2,1,2,131,91,107.6,300.4,300.37,400.37,500.43,900.53,1001,1050,
Late-demographic dividend,LTE,Aquaculture production (metric tons),ER.FSH.AQUA.MT,976768,809796,777368,891276,1023729,1172603,1320798,1334712,1352750,1555663,1579059,1869916,2017846,1916761,2092782,2287377,2336263,2966703,3137305,3109317,3384696,3426805,3674499,4131389,4926888,5739607.206,6532430.104,7557267,8844962,9693767,9868571,11000198,13411626.9,16463991.21,19305516.96,22282365.7,24548688.38,24546543.19,26662017,29067775.84,31266777.67,33139709.62,35443440.84,37533225.06,40392190.4,42431564.83,44820617.89,46904775.98,48942419.85,51898874.38,54382710.54,57096897.77,61391062.43,64337574.7,66394417.35,68550649.01,71401333.35,
Lithuania,LTU,Aquaculture production (metric tons),ER.FSH.AQUA.MT,,,,,,,,,,,,,,,,,,,,,,,,,,,,,3752,4580,4666,4792,3899,2907,1874,1714,1537,1516,1516,1650,1996,2001,1750,2356,2697,2013,2224,3377,3008,3421.6,3190.99,3279.61,3581.96,4210.88,3835.8,4450.17,4392.74,
Luxembourg,LUX,Aquaculture production (metric tons),ER.FSH.AQUA.MT,,,,,,,,,,,,,,,,,,,,,,,,,,,,,,,,,,,,,,,,,,,,,,,,,,,,,,,,,,
Latvia,LVA,Aquaculture production (metric tons),ER.FSH.AQUA.MT,,,,,,,,,,,,,,,,,,,,,,,,,,,,,2926,6288,2235,2685,641,339,560,525,380,345,425,468,325,463,430,637,545,542,565,729,584,517.2,548.8,545.5,574.54,643.21,686.28,862.85,788.077,
"Macao SAR, China",MAC,Aquaculture production (metric tons),ER.FSH.AQUA.MT,,,,,,,,,,,,,,,,,,,,,,,,,,,,,,,,,,,,,,,,,,,,,,,,,,,,,,,,,,
St. Martin (French part),MAF,Aquaculture production (metric tons),ER.FSH.AQUA.MT,,,,,,,,,,,,,,,,,,,,,,,,,,,,,,,,,,,,,,,,,,,,,,,,,,,,,,,,,,
Morocco,MAR,Aquaculture production (metric tons),ER.FSH.AQUA.MT,0,0,0,0,0,0,4,10,16,22,28,35,41,47,53,59,65,76,85,91,98,105,117,128,180,160,148,154,158,159,415,659,741,1193,1463,2072,2084,2329,2161,2793,1889,1403,1670,1538,1718,2257,1161,1636,579,657,742.12,617,692.5,988,1189,1050,1142,
Monaco,MCO,Aquaculture production (metric tons),ER.FSH.AQUA.MT,,,,,,,,,,,,,,,,,,,,,,,,,,,,,,,,,,,,,,,,,,,,,,,,,,,,,,,,,,
Moldova,MDA,Aquaculture production (metric tons),ER.FSH.AQUA.MT,,,,,,,,,,,,,,,,,,,,,,,,,,,,,7146,6756,7141,5124,2935,2275,1212,1401,1067,1202,1129,815,1710,1709,2335,3408,5650,6300,6800,7500,7800,8200,8800,9000,9080,9080,11000,11166.05,12011.4,
Madagascar,MDG,Aquaculture production (metric tons),ER.FSH.AQUA.MT,,,,,,,,,,,,,,,,,4,9,13,27,53,92,127,168,190,284,181,194,231,230,280,198,2640,2289,3295,4712,5075,8582,4503,5811,7980,8449,10413,10267,9603,10296,16534,14943,14486,9716,10886,10544,9987.5,12549,15440,22694.21,25998,
Maldives,MDV,Aquaculture production (metric tons),ER.FSH.AQUA.MT,,,,,,,,,,,,,,,,,,,,,,,,,,,,,,,,,,,,,,,,,,,,,,,,,,,,,,,,,,
Middle East & North Africa,MEA,Aquaculture production (metric tons),ER.FSH.AQUA.MT,13871,15254,15185,17282,18812,17873,16430,15247,16444,17108,18861,20831,22806,24661,24176,25347,29021,33386,36458,40153,43979,48297,54006,57269,64142,80629,86914,93573,103775,109559,112076,105974,112637,101022,112531,132693,157331,155005,218219,297997,422223,448866,496886,588267,640497.4,724032,795618,869511.4,931994.131,971138.482,1228594.049,1311014.918,1398014.627,1496763.481,1554421.083,1624046.99,1887445.477,
Mexico,MEX,Aquaculture production (metric tons),ER.FSH.AQUA.MT,100,114,120,120,80,80,100,150,150,150,540,660,709,1984,1826,2840,2486,2960,4841,6766,8626,11089,12512,13679,10465,11230,13523,15907,17121,18249,22348,24972,26576,28068,31667,25580,31339,39500,41068,48443,53918,76063,73670,84470,104348,133131,154451,140062.3,159309,156956.6,126238,137128,143746.6,111499.8,194229.8,211621.6,221327.5,
Marshall Islands,MHL,Aquaculture production (metric tons),ER.FSH.AQUA.MT,0,0,0,0,0,0,0,0,0,0,0,0,0,0,0,0,0,0,0,0,0,0,0,0,0,0,0,0,0,0,0,0,0,0,0,0,0,0,0,0,0,0,0,0,0,0,0,0,0,0,0,0,0,,0.61,0.2,5,
Middle income,MIC,Aquaculture production (metric tons),ER.FSH.AQUA.MT,1206035,1051761,1030252,1148263,1294886,1454913,1617154,1645112,1677993,1880364,1910886,2213192,2366544,2288718,2503689,2709180,2780133,3449372,3710076,3742700,4116945,4221314,4531314,5079754,5831457,6731596,7534531,8620203,10225353,11142389,11719490,13037819,15600274.9,18759102.03,22072740,25444257,27966615,28354401,30684972,33691819.02,35894944,38053908.4,40866822.76,43573568.1,47696712.1,50954694.27,54340209.69,57350799.69,61281670.23,65373913.72,70398458.02,74898228.94,81680758.99,88940205,92556476.8,96728606.56,101394440.9,
"Macedonia, FYR",MKD,Aquaculture production (metric tons),ER.FSH.AQUA.MT,,,,,,,,,,,,,,,,,,,,,,,,,,,,,,,,,899,752,744,829,526,538,652,1170,1217,787,763,864,959,843,588,1041,1287,1540,1491,1368,1306,1340,1214,991,986,
Mali,MLI,Aquaculture production (metric tons),ER.FSH.AQUA.MT,,,,,,,,,,,,,,,,,,,,,,,,,3,6,10,12,17,13,13,31,40,52,100,100,60,60,60,80,30,500,1008,1008,1008,1008,1000,640,821,1355,2083,2083,987,2205.25,1953,2400,4194,
Malta,MLT,Aquaculture production (metric tons),ER.FSH.AQUA.MT,,,,,,,,,,,0,0,0,0,0,0,0,0,0,0,0,0,0,0,0,0,0,0,0,0,3,200,500,650,904,904,1552,1800,1950,2002,1746,1235,1116,887,868,736,1936,2716,2702,2868,2916,2126.724,4336,5266,4917,5913,6072.917,
Myanmar,MMR,Aquaculture production (metric tons),ER.FSH.AQUA.MT,80,110,140,180,230,290,350,430,520,620,730,860,1000,1160,1330,1520,1730,1970,2220,2500,2790,3120,3460,3840,3951,5054,5805,5493,5673,6947,7087,8822,25954,51676,64584,71700,71508,82740,81968,91114,98912,121266,190120,252010,400360,485220,574990,604660,675064,779296.4,852791,819156.4,888369,930780,964255.8,999630,1017644,
Middle East & North Africa (excluding high income),MNA,Aquaculture production (metric tons),ER.FSH.AQUA.MT,4600,5200,5200,6000,7000,6200,5904,5610,5617,5928,6046,7205,8711,10378,11760,12906,16575,20033,23489,27870,32588,37034,42746,46245,52621,67666,74587,79392,88295,93714,95447,88519,97546,84265,94408,112819,134297,130045,192378,271331,393987,417899,466572,551758,604686,685363,754649,825826,885141.916,922093.232,1178734.862,1271064.77,1359664.502,1458487.881,1504028.973,1567255.99,1820982.5,
Montenegro,MNE,Aquaculture production (metric tons),ER.FSH.AQUA.MT,,,,,,,,,,,,,,,,,,,,,,,,,,,,,,,,,,,,,,,,,,,,,,,354,361,614,565,740,840,811,811,859,813,929,
Mongolia,MNG,Aquaculture production (metric tons),ER.FSH.AQUA.MT,,,,,,,,,,,,,,,,,,,,,,,,,,,,,,,,,,,,,,,,,,,,,,,,,,,,,,,,,,
Northern Mariana Islands,MNP,Aquaculture production (metric tons),ER.FSH.AQUA.MT,,,,,,,,,,,,,,,,,,,,,,,,,,,,,,,,,,,,,,,,,,,,,,,6,11,16,21,23.58,24.53,26,31,42,42,42,
Mozambique,MOZ,Aquaculture production (metric tons),ER.FSH.AQUA.MT,,,,,,,,,,,0,0,0,0,0,0,0,0,0,0,0,0,0,0,0,0,5,17,20,20,15,15,12,10,116,36,4,0,0,0,0,0,2247,5639,1366,1782,1198,1528,1392,720,864,796,604,721,1179,1133,1180,
Mauritania,MRT,Aquaculture production (metric tons),ER.FSH.AQUA.MT,,,,,,,,,,,,,,,,,,,,,,,,,,,,,,,,,,,,,,,,,,,,,,,,,,,,,,,,,,
Mauritius,MUS,Aquaculture production (metric tons),ER.FSH.AQUA.MT,,,,,,,,,,,0,0,0,0,0,0,0,1,5,15,16,25,30,24,42,53,50,72,73,82,78,86,100,110,142,176,165,118,83,85,87,59,56,33,350,400,443,175,245,437.4,567.5,537.3,512,397.3,777.5,775.99,1021.32,
Malawi,MWI,Aquaculture production (metric tons),ER.FSH.AQUA.MT,,,,,,,,,,,0,0,0,0,2,6,7,14,32,49,70,82,107,143,123,180,188,203,215,217,197,223,223,255,225,226,240,231,229,590,530,568,642,666,733,812,1500,1500,1700,1620,2631,2833,3232,3705,4741.56,4974,7646.39,
Malaysia,MYS,Aquaculture production (metric tons),ER.FSH.AQUA.MT,7841,7911,9968,21941,21302,21508,26709,29211,29408,30802,34296,31287,32578,42867,51946,32071,34842,49737,59058,67206,125334,73262,57185,46528,67777,51875,52107,46486,47345,53647,52919,64845,79700,105241,114112,132745,109063,107984,133635,166974,167898,177021,183990,192160,202218,215834,228317,268508,354579,472502.3,581242.9,526692.5,634875.9,530701.8,521014.5,506965.2,407887.1,
North America,NAC,Aquaculture production (metric tons),ER.FSH.AQUA.MT,107396,105537,113061,125912,127114,135820,117494,130574,134509,120173,172272,169483,178191,175653,171622,222588,187850,178207,162833,142448,171931,234185,265146,272772,334173,332371,384869,400149,381279,401703,356943,411151,459230,469355,446842,478661,465722,520032,536165,592128,584495,633408,670945,713769,752588,668507,691596,678531,656875,637152,659040,566998,605296,597026,560921,613376,645134,
Namibia,NAM,Aquaculture production (metric tons),ER.FSH.AQUA.MT,,,,,,,,,,,,,,,,,,,,,,,,,0,0,0,0,0,0,20,20,22,57,66,67,67,62,62,65,70,70,88,142,192,192,273.5,360.5,605.6,665.6,695.64,564.65,701.7,701.4,644.6,635.1,590.89,
New Caledonia,NCL,Aquaculture production (metric tons),ER.FSH.AQUA.MT,0,0,0,0,0,0,0,0,0,0,0,0,0,0,0,0,0,0,0,0,0,0,0,16,51,87,59,88,218,389,631,754,847,717,780,939,1061,1152,1596,1850,1765,1893,1918,1784,2290,2533,2365,1923,2106,1923,1223,1564,1666,1596,1659,1256,1587,
Niger,NER,Aquaculture production (metric tons),ER.FSH.AQUA.MT,,,,,,,,,,,,,,,,,,,,,,,,,9,7,8,14,20,19,36,21,8,10,17,35,11,13,12,14,15,21,40,40,40,40,40,40,40,70,70,85,100,200,329,300,300,
Nigeria,NGA,Aquaculture production (metric tons),ER.FSH.AQUA.MT,2005,2173,2361,2547,2730,2904,3084,3265,3434,3613,3809,3993,4183,4407,4630,4860,5087,5329,5562,5782,6028,6283,6559,6842,6519,7892,5456,6002,10631,25840,7347,15365,17088,17090,15030,16619,19491,24297,20458,21737,25718,24398,30663,30677,43950,56355,84578,85087,143207,152796,200535,221128,253898,278706,313231,316727,306727,
Nicaragua,NIC,Aquaculture production (metric tons),ER.FSH.AQUA.MT,,,,,,,,,,,0,0,0,0,0,0,0,0,0,0,0,0,0,17,17,27,36,48,74,74,74,74,60,326,1068,2310,2504,3486,4790,4205,5435,5750,6089,7005,7880,9983,11220,11533,16078,18943,16972,15766,24351,26406.9,30566,24560,22530,
Netherlands,NLD,Aquaculture production (metric tons),ER.FSH.AQUA.MT,77600,85400,96500,89700,115800,110500,92400,85600,113600,105900,86000,95700,116200,113000,98719,112136,73330,109378,118535,97494,77052,109548,130371,119793,60319,116547,86496,99567,79163,108877,100997,51648,54105,71125,109379,83938,99871,98210,120094,108760,75231,57042,54429,66540,78598,71370,45553,56841,46895.7,55640.6,66945.1,43799.9,46129.4,46525,63039,62920,62940,
Norway,NOR,Aquaculture production (metric tons),ER.FSH.AQUA.MT,1900,900,200,100,601,202,204,318,365,427,480,531,924,1172,2327,2517,3476,3932,5645,7377,7980,13042,15329,22712,25453,34617,49392,55379,88268,115191,150583,160705,131102,164499,218486,277615,321516,367617,410757,475932,491329,510748,551300,584422,636802,661877,712373,841560,848359,961839.8,1019802,1143893,1321119,1247865,1332497,1380890,1326216,
Nepal,NPL,Aquaculture production (metric tons),ER.FSH.AQUA.MT,0,0,0,0,0,0,3,9,18,26,68,118,197,314,401,515,662,811,985,1192,1433,1714,2041,2271,1997,3265,4162,5435,5125,6836,9258,10314,10645,9532,9663,9918,10649,11977,12866,13028,15023,16570,17100,17680,20000,22480,25409,26679,27250,26730,28230,30950,34500,36020,43400,48000,49043,
Nauru,NRU,Aquaculture production (metric tons),ER.FSH.AQUA.MT,0,0,0,0,0,0,0,0,0,0,0,0,0,0,0,0,0,0,0,0,0,0,0,0,0,0,0,0,0,0,0,0,0,0,0,0,0,0,0,0,0,0.4,0,0,0,0,0.8,0,0,0,0,0,1,0.1,0.3,0.3,0.3,
New Zealand,NZL,Aquaculture production (metric tons),ER.FSH.AQUA.MT,2800,1000,2600,1900,1900,2400,2300,1800,1800,1300,1400,1900,2900,2700,2538,2071,2658,1403,1838,2783,3220,2998,6533,9720,10945,11835,16977,19366,27751,26985,28600,48700,51500,52501,51256,70391,74800,76850,93807,91650,85640,76024,86583,84641,92220,105302,107524,111908,112358,104958,110592,117266,100161,97123,109873.8,91275.3,109016.2,
OECD members,OED,Aquaculture production (metric tons),ER.FSH.AQUA.MT,699362,752083,855982,964606,960256,999453,1007880,1093973,1220520,1148108,1363396,1441377,1599742,1848183,2036606,2047515,2132535,2294859,2285225,2299087,2520610,2773164,2750548,2958145,3113952,3294884,3649426,3572809,3861872,3836895,3815369,3939816,4148475,4280296,4575274,4686399,4751779,5087688,4993082,5129865,5115356,5404016,5562281,5687887,5961838,6058984,6477226.2,6766399.7,6674243.8,6837641.43,6648023.525,6843331.47,7330860.488,7145063.364,7560353.365,7705314.746,7893344.99,
Oman,OMN,Aquaculture production (metric tons),ER.FSH.AQUA.MT,,,,,,,,,,,0,0,0,0,0,0,0,0,0,0,0,0,0,0,0,0,0,0,0,0,0,0,0,0,0,0,0,0,13,0,0,0,0,352,515.4,218,114,96,121,118.4,127,157,168,353,282.4,170,103,
Other small states,OSS,Aquaculture production (metric tons),ER.FSH.AQUA.MT,0,0,0,0,0,0,0,0,0,0,0,0,0,0,51,56,66,69,83,105,113,135,175,201,262,249,426,815,1811,3216,4170,4754,4158,4557,5414,5872,7134,7786,8504,8752,8849,8684,7484,10836,15009,13961,16222.5,13408.5,15104.6,16173.7,17474.547,17213.288,21525.543,23238.094,24900.585,26697.19,35169.45,
Pakistan,PAK,Aquaculture production (metric tons),ER.FSH.AQUA.MT,1170,1270,1360,1470,1580,1700,1840,1980,2130,2300,2500,2700,2900,3100,3300,3600,3900,4200,4500,4800,5200,5600,6000,6500,8500,8500,8500,8500,6837,9750,10041,12795,12604,13389,14664,14848,13557,15464,17369,23076,12485,57632,66970,73047,76653,80621.97,121826,130092,135098,138099,140101,141935,142832,148120,148381,151174,156430,
Panama,PAN,Aquaculture production (metric tons),ER.FSH.AQUA.MT,,,,,,,,,,,0,0,0,0,0,2,5,15,30,80,180,380,993,1366,1507,2804,3460,3460,4187,3701,3439,3877,3820,5106,6291,5503,5079,7217,7233,2327,1779,3127,3638,6228,7048,7778,8744,8843,8254,6409.38,6397.53,7388.2,7473.6,8335.2,10335,9150.32,8808,
Peru,PER,Aquaculture production (metric tons),ER.FSH.AQUA.MT,,,,,,,,,5,15,40,54,117,180,254,329,422,515,630,755,1150,1530,2100,1459,3275,7708,2706,4174,4958,4869,5226,6866,5504,4862,5903,5771,7724,7931,7175,8788,6596,7551,11532,13621,22114,25981,28393,39531,43120,44317,89021,92200.35,72292.85,125692.9,115271.4,90976.46,100187.2,
Philippines,PHL,Aquaculture production (metric tons),ER.FSH.AQUA.MT,60769,61575,62314,63070,63885,65613,66323,66880,100035,99251,101651,105699,107424,110975,140073,133446,143328,162274,223377,260479,332642,352082,407225,472370,478345,495184,470923,560970,599464,629323,671116,692401,736381,793620,869083,940619,1007677,984437,997841,1048679,1100902,1220456,1338394,1448504,1717028,1895848,2092274,2214785,2407698,2477392,2545967,2608120,2541965,2373386,2337605,2348159,2200914,
Palau,PLW,Aquaculture production (metric tons),ER.FSH.AQUA.MT,0,0,0,0,0,0,0,0,0,0,0,0,0,0,0,0,0,0,0,0,0,0,0,0,0,0,0,0,0,3,2,2,2,2,3,3,2,2,1,1,2,2,4,4,5,5,5,18,20,41.88,25.11,23.58,35.911,19.895,29.326,26.19,23.2,
Papua New Guinea,PNG,Aquaculture production (metric tons),ER.FSH.AQUA.MT,0,0,0,0,0,0,0,0,0,0,0,0,0,0,0,0,0,0,0,0,0,0,0,0,0,0,0,0,7,8,7,11,11,15,15,23,38,57,106,156,210,210,286,296,431,491,691,841,1123,1372,1688,1871,3225,4525,5150,6150,6200,
Poland,POL,Aquaculture production (metric tons),ER.FSH.AQUA.MT,8100,8700,7500,8800,10600,9700,10109,9927,12464,12905,9833,10365,13204,13805,13512,14599,14578,16728,11627,9932,9636,14190,12881,18000,20000,20099,18684,20472,25951,25951,26400,29500,30200,18609,24500,25111,27700,28680,29791,33711,35795,35460,32709,35436,35131,37920,35867,35628,36813,36503,30751,29037,32261,35208.13,40109.69,36971,38300,
Pre-demographic dividend,PRE,Aquaculture production (metric tons),ER.FSH.AQUA.MT,2385,2583,2721,2927,3160,3303,3454,3625,3751,3968,4219,4473,5113,5847,6750,7447,8270,8866,9384,9825,10401,10895,11504,12154,13020,14491,13055,14713,19671,34702,15542,24702,33387,33175,32092,33956,37699,46279,43048,42021,47862,50955,66675,70127,92148,115588,169304,194253,258746,291836.1,373782.4,393130.815,448607.6,480158.15,545510.76,565233.41,577168.82,
Puerto Rico,PRI,Aquaculture production (metric tons),ER.FSH.AQUA.MT,0,0,0,0,0,0,0,0,0,0,0,0,0,0,0,0,0,0,0,0,0,0,0,0,0,0,0,97,86,110,113,242,284,160,143,68,58,13,164,138,154,414,462,309,457,351,306,84.3,62,51,17,20,20,19.92,20,20,20,
"Korea, Dem. Peoples Rep.",PRK,Aquaculture production (metric tons),ER.FSH.AQUA.MT,5236,6287,7556,9229,11410,14143,17841,24690,40218,55844,71743,88133,105263,123457,143138,165608,192889,223564,258006,297961,347299,404354,470917,549383,694800,744900,855100,1080000,1090000,1200000,900000,950000,1100000,1130000,817039,738317,782475,489321,481500,481500,467700,508095,508095,508095,508105,508175,508180,508250,508550,508660,508785,508800,508910,508975,553945,553950,554100,
Portugal,PRT,Aquaculture production (metric tons),ER.FSH.AQUA.MT,0,0,0,0,0,1,3,8,16,24,47,79,119,155,203,232,265,309,394,489,599,682,839,2463,6240,6402,10331,11012,10433,8549,4968,6277,6402,5970,6538,4981,5364,7185,7536,6268,7537,8209,8288,8033,6700,6696,7894,7416,7352,6728.1,8224.575,9165.39,10317.8,10067.21,11338.94,9562.876,9787.22,
Paraguay,PRY,Aquaculture production (metric tons),ER.FSH.AQUA.MT,,,,,,,,,,,,,,,,,,,,,,,,,0,0,0,22,54,51,61,60,75,75,100,190,350,350,95,95,103,570,1000,1300,2100,2120,2250,2350,2450,2600,2957.42,4929.06,5400,6450,7500,8481,8500,
West Bank and Gaza,PSE,Aquaculture production (metric tons),ER.FSH.AQUA.MT,,,,,,,,,,,,,,,,,,,,,,,,,,,,,,,,,,,,,,,,,,,,,,10,17,37,65,115,280,189,269,284,240,276,280,
Pacific island small states,PSS,Aquaculture production (metric tons),ER.FSH.AQUA.MT,0,0,0,0,0,0,0,0,0,0,0,0,0,0,0,0,0,0,0,0,0,0,0,0,47,857,10191,11252,5538,7280,11476,11710,6021.9,3528.034,3400,5481,9759,7764,8370,26287.02,18273,14296.4,5545,4788,6225.7,8270.3,11946.4,2872.1,3507.95,6884.316,13065.91,12545.98,16414.791,14819.045,16608.7057,16605.476,15047.7025,
Post-demographic dividend,PST,Aquaculture production (metric tons),ER.FSH.AQUA.MT,681151,733720,839377,944584,941994,982979,991333,1080554,1201818,1128482,1344997,1420215,1574358,1823448,2014857,2024567,2110155,2269968,2265882,2283166,2503604,2750312,2728605,2931416,3074136,3252660,3606115,3516347,3891095,3838684,3774146,3825578,4040419,4150770,4361741,4444890,4376444,4633655,4534475,4717779,4539986,4593041,4780228.76,4880938.1,5031693.2,5028506,5337267.2,5677952.4,5498196.3,5648591.638,5650841.872,5547559.313,5901874.29,5765015.251,5913804.013,6207544.18,6373968.238,
French Polynesia,PYF,Aquaculture production (metric tons),ER.FSH.AQUA.MT,,,,,,,,,,,0,0,0,0,0,0,2,3,3,3,6,6,13,7,22,89.206,129.104,39,66,89,88,80,71,455.172,615.96,551.699,596.38,809.188,619.001,989.822,810.667,932.624,1343.841,2013.058,1900.803,2961.828,2483.101,2255.192,1945.685,1905.364,2184.438,2918.921,2654.558,2697.675,2086.558,1914.696,1342.99,
Qatar,QAT,Aquaculture production (metric tons),ER.FSH.AQUA.MT,,,,,,,,,,,0,0,0,0,0,0,0,0,0,0,0,0,0,0,0,0,0,0,0,0,0,0,0,0,0,0,1,2,0,0,0,1,0,0,0,11,36,36,36,36,36,36,36,56,56,10,10,
Romania,ROU,Aquaculture production (metric tons),ER.FSH.AQUA.MT,13700,14400,13700,13500,14010,13850,14300,17900,14400,15400,18850,22000,28710,27850,33544,32316,37373,35142,35330,34551,34676,39016,43661,32217,45116,42414,47544,40183,50680,47260,34950,29530,24620,21100,20400,19830,13900,11168,9614,8998,9727,10818,9248,9042,8137,7284,8088,10312,12532,13131,8981.32,8353.27,10004,10146,10679.98,11041.75,12574.03,
Russian Federation,RUS,Aquaculture production (metric tons),ER.FSH.AQUA.MT,0,0,0,0,0,0,0,0,0,0,0,0,0,0,0,0,0,0,0,0,0,0,0,0,0,0,0,0,151377,176600,259735,120877,104999,92866,77956,68578,53309,59766,66230,71615,77132,90449,101483,108751,110018,114997,106343,105803,115680,117310,120998,129651,146455,155540,163600,154050,173840,
Rwanda,RWA,Aquaculture production (metric tons),ER.FSH.AQUA.MT,,,,,,,,,,,,,,,,,,,18,20,23,27,30,36,39,39,61,64,38,44,164,58,53,53,60,79,100,118,128,300,270,435,612,1027,386,34.15,30.2,60.2,60.25,60.3,100.3,265.33,505.98,1165.2,1504,1620.2,1580,
South Asia,SAS,Aquaculture production (metric tons),ER.FSH.AQUA.MT,95250,101198,107672,114759,122500,132677,140301,150530,160079,174634,189015,207660,225633,247099,267072,291352,319938,347379,383293,421631,463044,510933,562836,620744,699732,769276,844245,969045,1082101,1205503,1230388,1461228,1647921,1680226,1811505,2004335,2165994,2381637,2520432,2768350,2631909,2911566,3063250,3268572,3820260,3963112.97,4228243,4226668,5032223,5036600.679,5276021.14,5387265.22,6127346.096,6631158.1,7077167.3,7559920.75,8144353.22,
Saudi Arabia,SAU,Aquaculture production (metric tons),ER.FSH.AQUA.MT,0,0,0,0,0,0,0,0,0,0,0,0,0,0,0,0,0,0,0,0,0,0,0,0,0,0,28,140,331,1240,1988,2153,2380,2503,2235,2696,3835,4690,5101,5620,6004,8218,6744,11824,11172,14375,15586,18410.4,22340,26441.85,26374,16076,12737,9266,23880,30000,39920,
Sudan,SDN,Aquaculture production (metric tons),ER.FSH.AQUA.MT,,,,,,,,,,,,,,,,,,,,,,,,,10,30,41,43,45,100,234,203,200,200,200,1000,1000,1000,1000,1000,1000,1000,1600,1600,1600,1600,1600,1950,1800,2000,2000,2000,1600,2500,2000,4500,4500,
Senegal,SEN,Aquaculture production (metric tons),ER.FSH.AQUA.MT,,,,,,,,,,,100,100,200,200,98,66,81,146,123,92,149,136,124,0,39,36,34,34,43,11,7,12,11,26,42,60,78,74,23,155,104,105,109,98,52,54,45,45,54,71,79.6,334.665,399.3,706.8,1012,1212.5,2078.83,
Singapore,SGP,Aquaculture production (metric tons),ER.FSH.AQUA.MT,0,0,0,0,0,0,0,0,0,0,10,30,135,140,40,38,107,52,96,103,91,279,1126,1497,1149,1225,1330,1855,1969,1965,1857,2000,2350,2350,2360,3625,3567,4088,3706,4029,5112,4443,5027,5024,5406,5917,8573,4503,3518,3567,3498.87,4335.794,4232.33,5566.111,5262.323,6896.294,6112.361,
Solomon Islands,SLB,Aquaculture production (metric tons),ER.FSH.AQUA.MT,,,,,,,,,,,,,,,,,,,,,,,,,28,0,0,6,5,3,5,6,8,10,13,13,13,13,13,13,15,15,6,400,1711.2,2608.8,1353.6,866.6,1160.2,4029.8,7105,7218.6,6992.4,11814,12164.4,12202,10582,
Sierra Leone,SLE,Aquaculture production (metric tons),ER.FSH.AQUA.MT,,,,,,,,,,,0,0,0,0,0,0,0,0,0,1,2,2,3,4,7,9,14,18,20,20,20,20,20,15,25,25,30,30,30,30,30,30,30,30,30,30,30,50,50,75,75,75,75,75,75,75,75,
El Salvador,SLV,Aquaculture production (metric tons),ER.FSH.AQUA.MT,,,,,,,,,,,,,,,,,,,,,,,,,10,676,760,790,718,711,632,117,539,628,1324,518,358,384,399,279,261,395,781,1131,2219,2203,3078,3734,3817,4355.71,4499.93,4883.7,5322,3278,1663,6742.71,7955.68,
San Marino,SMR,Aquaculture production (metric tons),ER.FSH.AQUA.MT,,,,,,,,,,,,,,,,,,,,,,,,,,,,,,,,,,,,,,,,,,,,,,,,,,,,,,,,,,
Somalia,SOM,Aquaculture production (metric tons),ER.FSH.AQUA.MT,,,,,,,,,,,,,,,,,,,,,,,,,,,,,,,,,,,,,,,,,,,,,,,,,,,,,,,,,,
Serbia,SRB,Aquaculture production (metric tons),ER.FSH.AQUA.MT,,,,,,,,,,,,,,,,,,,,,,,,,,,,,,,,,,,,,,,,,,,,,,,5013.05,6608.8,7533.72,7440.44,8195.33,7628.95,7661.19,5935.54,7168.37,7387,6877.66,
Sub-Saharan Africa (excluding high income),SSA,Aquaculture production (metric tons),ER.FSH.AQUA.MT,2385,2583,2721,2927,3160,3303,3458,3635,3771,3952,4243,4435,4697,4967,5112,5349,5649,6009,6333,6636,7048,7411,7927,8557,9432,11121,9776,11115,16633,34285,18137,28341,33446,33807,33158,35804,39171,47804,42840,48877,56864,60381,77455,79168,88680,107456.15,165670.7,189905.7,252215.85,286835,371017.84,408274.745,464734.18,515863.78,576653.89,604652.6,620630.03,
South Sudan,SSD,Aquaculture production (metric tons),ER.FSH.AQUA.MT,,,,,,,,,,,,,,,,,,,,,,,,,,,,,,,,,,,,,,,,,,,,,,,,,,,,,20,20,20,20,20,
Sub-Saharan Africa,SSF,Aquaculture production (metric tons),ER.FSH.AQUA.MT,2385,2583,2721,2927,3160,3303,3458,3635,3771,3952,4243,4435,4697,4967,5112,5349,5649,6009,6333,6636,7048,7411,7927,8557,9432,11121,9776,11115,16633,34292,18152,28353,33496,33907,33322,35999,39449,48388,43489,49104,57289,60663,77689,80252,89855,108228.15,166374.7,190273.7,252504.85,286835,371017.84,408274.745,464734.18,515863.78,576653.99,604652.7,620630.03,
Small states,SST,Aquaculture production (metric tons),ER.FSH.AQUA.MT,0,0,0,0,0,0,0,0,0,0,0,0,0,0,51,56,66,71,121,130,133,167,310,363,691,2125,12309,14475,10250,14279,19293,19879,13848.9,12194.034,13143,16138,21680,20690,22353,43316.02,36251,33044.4,24673,29716,38132.2,39974.8,44766.643,25933.59,29523.68,34602.856,42510.257,36421.418,44868.312,46428.739,49974.8667,48808.206,52322.9925,
Sao Tome and Principe,STP,Aquaculture production (metric tons),ER.FSH.AQUA.MT,,,,,,,,,,,,,,,,,,,,,,,,,,,,,,,,,,,,,,,,,,,,,,,,,,,,,,,,,,
Suriname,SUR,Aquaculture production (metric tons),ER.FSH.AQUA.MT,0,0,0,0,0,0,0,0,0,0,0,0,0,0,0,0,0,0,0,0,0,0,0,0,0,0,0,0,0,0,0,0,3,3,1,1,1,1,106,200,345,422,422,260,288,242,180,118.3,74.4,41.16,71.1,96,74.2,78.7,82.82,122.17,102.1,
Slovak Republic,SVK,Aquaculture production (metric tons),ER.FSH.AQUA.MT,,,,,,,,,,,,,,,,,,,,,,,,,,,,,,,,,,1588,1861,1617,954,1254,648,872,887,999,829,881,1180,955,1263,1199,1071,834.9,702.4,834.5,1310.56,1106.2,1230.66,1308.63,2168.65,
Slovenia,SVN,Aquaculture production (metric tons),ER.FSH.AQUA.MT,,,,,,,,,,,,,,,,,,,,,,,,,,,,,,,,,868,718,787,789,869,917,909,1206,1181,1262,1289,1353,1571,1346,1369,1352,1315,1306.6,778.4,1396.6,1154.3,1225.7,1396.3,1607.2,1843.7,
Sweden,SWE,Aquaculture production (metric tons),ER.FSH.AQUA.MT,510,511,828,838,649,562,778,597,619,544,373,307,244,287,392,420,489,548,640,721,822,2607,3998,3227,3265,3081,4346,7288,8287,7914,9124,7984,7119,5904,7410,7554,8244,6683,5476,6004,4834,6773,5618,6334,5989,5880,7549,5365,7595,8540,10644,13441,13757,13366,12899,12020,15747,
Eswatini,SWZ,Aquaculture production (metric tons),ER.FSH.AQUA.MT,,,,,,,,,,,,,,,,,,,,,,,,,8,12,18,19,20,40,45,45,40,42,60,88,93,66,81,61,69,72,,,,,,,,73,209,100,100,100,100,100,100,
Sint Maarten (Dutch part),SXM,Aquaculture production (metric tons),ER.FSH.AQUA.MT,,,,,,,,,,,,,,,,,,,,,,,,,,,,,,,,,,,,,,,,,,,,,,,,,,,,,,,,,,
Seychelles,SYC,Aquaculture production (metric tons),ER.FSH.AQUA.MT,,,,,,,,,,,,,,,,,,,,,,,,,,,,,,7,15,12,50,100,164,195,278,584,649,227,425,282,234,1084,1175,772,704,368,289,0,0,0,0,0,0.1,0.1,0,
Syrian Arab Republic,SYR,Aquaculture production (metric tons),ER.FSH.AQUA.MT,,,,,,,,,1,4,8,10,15,20,20,30,70,120,163,230,509,816,1122,1375,2055,2810,2573,1982,3040,2662,2729,3169,5116,4635,4521,5857,6355,5596,7233,6079,6797,5880,5988,7217,8692,8533,8902,8425,8595,8697,8610,7500,6200,4000,3000,2500,2500,
Turks and Caicos Islands,TCA,Aquaculture production (metric tons),ER.FSH.AQUA.MT,,,,,,,,,,,,,,,,,,,,,,,,,,,,360,100,10,5,2,2,1,1,5,3,4,4,10,15,20,30,25,4,4,4,0,0,0.2,0,0,0,0,0,0,0,
Chad,TCD,Aquaculture production (metric tons),ER.FSH.AQUA.MT,,,,,,,,,,,,,,,,,,,,,,,,,,,,,,,,,,,,,,,,,,,,,,,,,30,30,30,30,30,60,60,154,94,
East Asia & Pacific (IDA & IBRD countries),TEA,Aquaculture production (metric tons),ER.FSH.AQUA.MT,1089040,927286,899739,1010037,1143886,1293523,1448474,1460224,1487695,1673970,1685949,1965125,2092433,1989984,2176067,2354648,2387367,3023411,3241314,3225662,3542928,3580673,3811914,4294247,4946003,5764195,6467468,7393934,8537141,9284719,9775610,10991321,13356618.9,16528769.03,19728000,22864624,25169186,25265667,27352742,29968791.02,32188090,33994717.4,36506101,38834425,42270905.7,45190310.3,48115522.4,50998810.1,53910578.95,57864594.52,62203769.81,66335649.88,72137516.69,78671353.85,81526809.91,85096868.68,88828689.8,
Europe & Central Asia (IDA & IBRD countries),TEC,Aquaculture production (metric tons),ER.FSH.AQUA.MT,22760,24080,22300,23220,28860,28830,29029,34877,33074,34455,34683,38135,47044,47158,53581,53958,59184,61138,56007,56005,57521,67921,73617,66268,83110,76981,83606,78970,409208,431620,490382,323003,295284,264914,224690,203247,184832,201520,217158,241007,260930,261951,268072.76,295921.1,310792.4,350534,354264.05,386722.8,413768.72,427547.128,433085.877,457984.595,507724.61,555886.02,579804.6,583445.85,625587.61,
Togo,TGO,Aquaculture production (metric tons),ER.FSH.AQUA.MT,,,,,,,,,,,,,,,,,,,,,,,,,40,30,14,14,14,14,22,22,150,150,150,20,21,20,25,20,20,20,30,30,35,50,50,50,107,107,100,20,20,23,25,58,98,
Thailand,THA,Aquaculture production (metric tons),ER.FSH.AQUA.MT,31545,41436,41893,39525,40474,42112,51800,54769,63673,72390,80876,89384,52748,42574,47884,80821,125100,150858,130775,118363,95966,129097,86643,99978,111932,135840,134063,151656,218191,260191,291719,353333,370974,457314,509800,559504,556155,539817,594579,693762,738155,814121,954608,1064406,1259984,1304232,1354297,1370456,1330861,1416668,1286122,1201455,1272100,997515,897862.9,928638,962571,
Tajikistan,TJK,Aquaculture production (metric tons),ER.FSH.AQUA.MT,,,,,,,,,,,,,,,,,,,,,,,,,,,,,3227,3267,3603,3689,1874,2462,980,284,93,71,81,74,86,99,143,167,26,26,26,26,26,255.1,517.2,537,274.8,403.9,443.6,450,450,
Turkmenistan,TKM,Aquaculture production (metric tons),ER.FSH.AQUA.MT,,,,,,,,,,,,,,,,,,,,,,,,,,,,,2380,2464,2410,2248,1950,2163,2125,1669,307,605,559,73,68,43,38,24,16,26,26,26,26,26,26,26,26,30,30,30,30,
Latin America & the Caribbean (IDA & IBRD countries),TLA,Aquaculture production (metric tons),ER.FSH.AQUA.MT,180,194,211,222,194,205,335,304,354,416,871,1060,1419,3264,3881,5826,6527,9040,12358,16430,26065,35038,51765,65586,71791,75945,91171,129660,162421,184048,221131,296703,339795,340758,406906,467661,622391,737229,754531,734464,839464,1105945,1174411,1234720,1382187.5,1500639.5,1687424.243,1670093.59,1803774.73,1881151.19,1836560.36,2198168.67,2363482.16,2369802.88,2768512.796,2641070.088,2688822.758,
Timor-Leste,TLS,Aquaculture production (metric tons),ER.FSH.AQUA.MT,,,,,,,,,,,,,,,,,,,,,,,,,,,,,,,,,,,,,,,,,,,,,15,22,23,402,1052,1552,1552,1556,1556,1556,1556,1556,1560,
Middle East & North Africa (IDA & IBRD countries),TMN,Aquaculture production (metric tons),ER.FSH.AQUA.MT,4600,5200,5200,6000,7000,6200,5904,5610,5617,5928,6046,7205,8711,10378,11760,12906,16575,20033,23489,27870,32588,37034,42746,46245,52621,67666,74587,79392,88295,93714,95447,88519,97546,84265,94408,112819,134297,130045,192378,271331,393987,417899,466572,551758,604686,685353,754632,825789,885076.916,921978.232,1178454.862,1270875.77,1359395.502,1458203.881,1503788.973,1566979.99,1820702.5,
Tonga,TON,Aquaculture production (metric tons),ER.FSH.AQUA.MT,,,,,,,,,,,,,,,,,,,,,,,,,,,,,,,,,,,,,,,6,4,77,70,67,72,33,81,5,5.5,302.61,300.2,300.3,300.3,300,0.04,0.31,3.405,3,
South Asia (IDA & IBRD),TSA,Aquaculture production (metric tons),ER.FSH.AQUA.MT,95250,101198,107672,114759,122500,132677,140301,150530,160079,174634,189015,207660,225633,247099,267072,291352,319938,347379,383293,421631,463044,510933,562836,620744,699732,769276,844245,969045,1082101,1205503,1230388,1461228,1647921,1680226,1811505,2004335,2165994,2381637,2520432,2768350,2631909,2911566,3063250,3268572,3820260,3963112.97,4228243,4226668,5032223,5036600.679,5276021.14,5387265.22,6127346.096,6631158.1,7077167.3,7559920.75,8144353.22,
Sub-Saharan Africa (IDA & IBRD countries),TSS,Aquaculture production (metric tons),ER.FSH.AQUA.MT,2385,2583,2721,2927,3160,3303,3458,3635,3771,3952,4243,4435,4697,4967,5112,5349,5649,6009,6333,6636,7048,7411,7927,8557,9432,11121,9776,11115,16633,34292,18152,28353,33496,33907,33322,35999,39449,48388,43489,49104,57289,60663,77689,80252,89855,108228.15,166374.7,190273.7,252504.85,286835,371017.84,408274.745,464734.18,515863.78,576653.99,604652.7,620630.03,
Trinidad and Tobago,TTO,Aquaculture production (metric tons),ER.FSH.AQUA.MT,,,,,,,,,,,,,,,,,,,,,,,,,,,,,,2,2,3,3,4,4,15,15,13,13,13,22,7,7,7,25.5,25.5,25.5,19.3,12.69,27.36,13.5,5.75,6.55,7.55,5.45,23.8,11.1,
Tunisia,TUN,Aquaculture production (metric tons),ER.FSH.AQUA.MT,0,0,0,0,0,0,0,0,0,0,0,0,0,0,0,2,9,17,28,41,56,72,117,160,116,147,182,212,993,820,1023,778,859,795,1137,960,1351,1875,1842,1095,1553,1868,1980,2086,2308,2603,2855,3581,3561,4907,5424,8126,8577,12184,11279,14425,16165.5,
Turkey,TUR,Aquaculture production (metric tons),ER.FSH.AQUA.MT,60,80,100,120,150,180,220,250,310,350,400,470,530,600,680,770,860,970,1090,1220,1370,1540,1740,1970,2226,2700,3075,3300,4100,4354,5782,7835,9085,12438,15998,21607,33201,45450,56700,63000,79031,67244,61165,79943,94450,119567,129333,140743,152896,159639,167721,188890,212805,233863.6,234302,238964,250331,
Tuvalu,TUV,Aquaculture production (metric tons),ER.FSH.AQUA.MT,,,,,,,,,,,,,,,,,,,,,,,,,,,,,,,,,,,,,,,,,,,,5,1,1,1,1,,2.5,2.5,2.5,2.5,2.5,2.5,2.5,2.5,
Tanzania,TZA,Aquaculture production (metric tons),ER.FSH.AQUA.MT,,,,,,,,,,,,,,,,,,,,,,,13,8,15,21,32,35,37,1375,1375,1400,1350,1200,1150,1200,1200,1200,1200,1700,1210,1300,2630,2002,3013,3012,3272,4045,5217,5722,7338.5,7248.75,9917.4,10166.1,10317.2,10742.2,12547.4,
Uganda,UGA,Aquaculture production (metric tons),ER.FSH.AQUA.MT,,,,,,,,,,,0,0,0,0,0,0,0,0,0,0,0,0,0,0,31,33,35,38,34,42,52,63,77,87,179,194,210,360,320,475,820,2360,4915,5500,5539,10817,32392,51110,52250,76654.1,95000,85712.7,95906,98063,111023,117590,118051.2,
Ukraine,UKR,Aquaculture production (metric tons),ER.FSH.AQUA.MT,,,,,,,,,,,,,,,,,,,,,,,,,,,,,96182,94891,81639,54648,66904,66117,43686,35368,32709,30000,28332,33816,30969,31037,30869.76,25615.1,26350.2,28854,19181,27965,24337,24082.5,22864.9,23553.2,23719.9,23174.6,24434,22241.3,21424.6,
Upper middle income,UMC,Aquaculture production (metric tons),ER.FSH.AQUA.MT,924652,754603,719902,827337,956399,1101570,1242304,1249013,1244139,1427813,1435231,1705084,1829754,1711632,1867743,2038576,2058396,2658238,2800116,2737857,2968295,2953204,3143558,3530759,4161880,4916829,5615301,6425008,7680802,8380651,8845574,9909347,12174345.9,15148698.03,18114236,21120870,23332893,23593675,25733134,28129492.02,30067362,31619585.4,33868577,35792546,38386380.7,40232630.5,42411349.09,44138654.09,45788525.89,48710807.62,51363037.03,53746667.65,57777175.44,60688159.99,62501204.34,64789615.91,67575622.4,
Uruguay,URY,Aquaculture production (metric tons),ER.FSH.AQUA.MT,0,0,0,0,0,0,0,0,0,0,0,0,0,0,0,0,0,0,0,0,0,0,0,0,0,0,0,3,5,3,3,3,7,5,10,20,21,19,19,31,85,17,17,24,22,49,37,31,36,54.41,84.97,77.82,91.232,217.86,215,203.828,69.653,
United States,USA,Aquaculture production (metric tons),ER.FSH.AQUA.MT,104421,102547,109961,122697,123884,132578,114236,127299,131115,116768,168681,165590,173630,170320,167039,218459,183907,174310,158795,138990,168365,230111,261725,268483,326453,323573,372191,383259,357657,369252,315727,363083,413844,416913,391412,413454,393346,438356,445119,479212,456830,480362,498899,545971,607570,513920,519967,526045,501326,481224,496699,397292,420386,429011,421189,426002,444369,
Uzbekistan,UZB,Aquaculture production (metric tons),ER.FSH.AQUA.MT,0,0,0,0,0,0,0,0,0,0,0,0,0,0,0,0,0,0,0,0,0,0,0,0,0,0,0,0,20471,21001,21962,24316,18751,19043,14559,10197,5006,7490,6966,6056,5652,3988,3824,3118,3093,3800,3800,4000,4100,5162,6654,8722.3,14832.9,23835.2,29275.8,36896.4,38054.7,
St. Vincent and the Grenadines,VCT,Aquaculture production (metric tons),ER.FSH.AQUA.MT,,,,,,,,,,,,,,,,,,,,,,,,,,,,,,,,,,,,,,,,,,,,,,,,,,,,,,,,,,
"Venezuela, RB",VEN,Aquaculture production (metric tons),ER.FSH.AQUA.MT,0,0,0,0,0,0,0,2,5,15,20,30,45,75,101,134,157,218,242,277,272,289,327,450,807,863,405,401,712,802,638,1119,2104,2708,4153,5719,7362,8950,9830,11020,13505,16647,18020,15705,24006,19228,23355.5,19951.3,18762.6,14844,18225.33,23954.24,26115.18,26830,30725.66,18911.41,25998,
British Virgin Islands,VGB,Aquaculture production (metric tons),ER.FSH.AQUA.MT,,,,,,,,,,,,,,,,,,,,,,,,,,,,,,,,,,,,,,,,,,,,,,,,,,,,,,,,,,
Virgin Islands (U.S.),VIR,Aquaculture production (metric tons),ER.FSH.AQUA.MT,,,,,,,,,,,,,,,,,,,,,,,,,6,6,7,7,0,0,0,0,0,0,0,0,0,0,0,0,0,0,0,0,0,0,10,10,10,10,10,10,10,10,7.64,8,8,
Vietnam,VNM,Aquaculture production (metric tons),ER.FSH.AQUA.MT,37660,40320,43040,45750,48540,51330,54130,56850,59580,62440,65350,68360,71230,74250,77220,80390,83580,87020,90760,94690,99160,103810,108770,113920,119000,129500,127449,141747,154317,164917,162076,168104,172899,188061,344084,389069,308288,332378,353920,413468,513517,603098,718041,952502,1213617,1452300,1672727,2100400,2477450,2571080,2701317,2859581,3103351,3220071,3354342,3450200,3634531,
Vanuatu,VUT,Aquaculture production (metric tons),ER.FSH.AQUA.MT,0,0,0,0,0,0,0,0,0,0,0,0,0,0,0,0,0,0,0,0,0,0,0,0,0,0,0,0,0,0,0,0,0,0,0,0,0,0,0,0,0,0,0,0,1,1,114,31,40,36.75,104.5,57,60.38,80.781,79.6977,11.541,15.7025,
World,WLD,Aquaculture production (metric tons),ER.FSH.AQUA.MT,2029179,1948048,2014404,2247676,2402677,2604353,2791746,2915674,3092313,3238166,3526017,3930472,4280803,4504942,4941524,5219603,5408491,6282015,6593363,6714748,7347225,7818586,8213439,9089265,10191481.45,11354348.65,12670909.1,13971504.23,15531104.96,16486351.07,16850459.04,18305028.6,21211488.89,24467925.05,27798479.01,31232256.19,33790684.14,34296276.7,36463874.11,39604752.61,41724569.75,44324822.72,47375084.71,50271407.72,54570314.09,57820199.22,61591980.13,64937295.56,68799079.9,73045256.33,78020019.87,82635398.2,90020572.65,97110166.78,101084799.1,106004183.8,,
Samoa,WSM,Aquaculture production (metric tons),ER.FSH.AQUA.MT,,,,,,,,,,,0,0,0,0,0,0,0,0,0,0,0,0,0,0,0,0,0,0,0,0,0,0,0,0,0,0,0,1,0,0,0,0,0,0,,,,3,3,5,5,5,4.6,3.729,5.562,13.34,10,
Kosovo,XKX,Aquaculture production (metric tons),ER.FSH.AQUA.MT,,,,,,,,,,,,,,,,,,,,,,,,,,,,,,,,,,,,,,,,,,,,,,,,,,,,,,,,,,
"Yemen, Rep.",YEM,Aquaculture production (metric tons),ER.FSH.AQUA.MT,0,0,0,0,0,0,0,0,0,0,0,0,0,0,0,0,0,0,0,0,0,0,0,0,0,0,0,0,0,0,0,0,0,0,0,0,0,0,0,0,0,0,0,0,0,380,300,300,150,150,150,150,100,,0,0,0,
South Africa,ZAF,Aquaculture production (metric tons),ER.FSH.AQUA.MT,,,,,,,,,,,0,0,0,0,9,9,9,12,14,14,13,11,10,6,366,615,789,1096,1376,2037,3613,4882,4288,4021,4429,3530,3013,4196,5088,4148,2819,2830,4105,6602,5954,5895,6037,5669,5421,4982,5147.6,5343.28,5926.53,6813,7222,7430.4,7994,
Zambia,ZMB,Aquaculture production (metric tons),ER.FSH.AQUA.MT,,,,,,,,,,,0,0,0,0,0,0,0,3,8,15,27,45,72,202,340,363,695,1091,1147,1180,1460,2470,3700,4655,4530,4081,4770,4718,4159,4180,4240,4520,4630,4501,5125,5125,5210,5876,5640,8505,10290,10530,12988,20271,19281,22754,30285,
Zimbabwe,ZWE,Aquaculture production (metric tons),ER.FSH.AQUA.MT,,,,,,,,,,,0,0,2,12,22,31,40,40,40,75,75,76,74,131,138,140,150,156,165,160,157,134,132,130,130,150,170,170,170,1203,2151,2285,2263,2650,3005,2502,2500,2550,2652,2702,2782,7682,8090,10090,10600,10600,10085,