Country,accessibility_to_cities,elevation,aspect,slope,cropland_cover,tree_canopy_cover,isothermality,rain_coldestQuart,rain_driestMonth,rain_driestQuart,rain_mean_annual,rain_seasonailty,rain_warmestQuart,rain_wettestMonth,rain_wettestQuart,temp_annual_range,temp_coldestQuart,temp_diurnal_range,temp_driestQuart,temp_max_warmestMonth,temp_mean_annual,temp_min_coldestMonth,temp_seasonality,temp_warmestQuart,temp_wettestQuart,wind,cloudiness
Russia,2143.587912,448.5335417,178.456969,0.486310126,7.381209796,20.35647316,19.35171376,63.27918605,15.34518706,52.45074501,434.7292352,49.68574242,181.5754434,69.30780447,184.9978202,50.63119081,-24.74368593,9.922327688,-19.84740069,19.95267913,-6.261876315,-30.67851168,145.2214216,12.20695908,11.54956116,3.013605722,210.9908165
United States of America,638.7575393,759.2512262,166.5603824,0.529686762,19.7438699,16.72846247,32.95288154,141.8206803,28.7873624,100.5005596,671.9117326,43.41517081,198.8176868,93.48607266,249.4290178,39.05379633,-5.388305211,12.75193874,1.420302587,26.77673145,6.602248261,-12.27706488,93.46060198,18.51898364,13.57927185,3.586281662,180.2746387
Canada,3220.715175,508.2847633,169.2907919,0.397220485,3.796340492,20.58747625,19.86286345,80.93746455,19.61225206,66.22098278,453.3184227,46.83796493,161.861002,64.99570701,177.36125,45.96372379,-23.19377971,9.232453946,-19.12040969,16.42866105,-6.83168979,-29.53506274,128.9347833,9.503739868,7.64933066,3.378885862,231.4987023
Antarctica,,,,,0,,,,,,,,,,,,,,,,,,,,,,302.8078293
Indonesia,504.8848072,342.0536882,168.270799,0.909755385,13.24086609,55.4788821,84.94240233,673.0787195,136.1740296,449.847542,2728.355157,29.43656559,677.4705708,326.2162101,904.1117109,10.00434575,24.39624844,8.508099615,24.8275285,30.13380102,24.99332749,20.12945527,4.163967777,25.39201881,24.93423673,1.366647907,293.0951072
China,466.566902,1788.508668,169.0981558,0.943246708,22.18347547,11.57931347,30.94554584,34.73668628,8.319758871,30.97523809,561.2715803,89.45302999,291.043886,120.6067701,306.5845506,39.91131351,-7.043608557,12.19498435,-5.765483845,25.19088704,6.362945884,-14.72042648,98.90280353,18.39789749,17.67292216,3.241690663,191.2446609
India,91.38082383,583.1465274,176.3244957,0.520001904,64.34377274,9.07738911,44.10012236,74.19189896,3.794327212,23.849571,1110.010678,114.9534565,294.3372254,309.20875,760.3164576,27.21371722,17.68766641,11.83342982,21.13888041,37.03347763,23.96363335,9.819760411,45.54437374,29.49096201,26.08298136,2.698925158,167.3099637
Mongolia,710.3662001,1494.593363,175.1769269,0.816572192,0.877800591,2.433120377,26.88386763,6.298572765,1.58168752,6.166105098,194.7813471,105.1421754,133.3637895,55.07452647,133.3692751,50.61461846,-18.31295089,13.7957004,-16.78419982,24.10723656,-0.091585537,-26.5073819,134.8538671,16.3809064,16.36940113,3.78683795,152.6570771
Australia,845.8680185,278.031714,183.0250431,0.089268073,7.938567206,6.056155479,49.69498141,68.50573359,11.5888329,42.90343014,467.5080881,59.33697509,170.6449075,89.63447645,234.7329262,28.09456395,14.70953766,13.98006739,18.61899367,35.18607871,21.46661781,7.091514759,49.75148677,27.37467162,24.35021582,4.151111283,126.814047
Kiribati,5805.65,0.925385577,151.6202365,0,0,15.35335689,90.64992164,494.4854312,83.84292703,289.2631192,1672.919683,29.42550701,347.6011185,206.2919017,560.0284107,6.066974057,28.07640708,5.522858606,28.29231121,31.40670685,28.25695724,25.33973295,1.385760289,28.37754508,28.16727864,,223.9380054
Mexico,191.3376166,1039.715495,172.5050984,1.03146858,12.71263489,16.22337119,58.67563951,74.17182955,10.58229837,41.15442802,771.5138685,85.71436178,275.6679393,165.895391,426.6518895,25.93124079,15.32372458,15.00428074,18.71459784,32.98682745,20.34591163,7.055586665,37.3720077,24.78395809,23.46507731,2.74994688,152.8080061
Brazil,736.7297988,326.6430843,176.1375279,0.160652538,17.28233628,39.17523662,72.73447271,366.6266717,39.31327957,141.1717948,1752.792411,60.92778773,370.3704209,277.1211893,761.9858098,15.49870416,22.949019,11.10849971,23.68000754,32.01369408,24.44774936,16.51498992,10.75879482,25.62179487,24.75486118,1.963016907,218.4850954
Chile,425.8785883,1095.077168,208.2261466,1.588154415,6.389745666,22.30922269,54.73443945,349.4240795,51.87831519,174.7882393,1047.308761,60.47595362,199.6102916,140.7162405,389.8102221,18.81186342,4.653303611,10.56684351,10.19637446,18.70599026,8.598991694,-0.105873166,30.02173796,12.36452581,7.426599321,3.816059043,183.3299469
Argentina,209.2195797,682.7992532,145.0314124,0.623855295,21.9625038,8.83360958,49.85147217,79.08767549,17.18321136,60.48630463,539.8724686,48.32124188,183.1381597,79.21688648,211.7120731,26.77335546,8.023890555,13.461877,11.09496006,28.21618946,14.20719218,1.442833996,47.56007219,20.17116935,16.47762934,4.270904356,159.0065316
Mali,1821.774328,321.3376342,176.57228,0.015913345,3.441976025,1.02830754,52.51507852,3.517844042,0.057845168,0.424866868,319.2817825,131.3175093,50.56501979,103.7708084,241.678924,29.58746084,22.14257432,15.44438087,25.24398394,42.2430557,28.249699,12.65559486,44.41116404,33.468711,31.11719642,3.699002646,136.0740396
Mauritania,2458.351223,261.903271,178.0629161,0.023469677,0.128914096,0.063985764,50.36590625,3.455872247,0.025390956,0.668451173,92.70912635,117.8625648,29.78648047,33.82191752,75.91664151,30.30918936,20.78836615,15.22545325,26.09762834,42.75250099,27.6847339,12.44331163,50.2010643,33.68060839,31.85268996,4.590983852,114.9074963
Algeria,1212.799818,556.7583169,184.9747196,0.170861495,3.690864485,0.17665622,40.29895242,25.29077848,0.934992088,6.088661767,79.45606561,67.08149343,9.5086212,13.36623208,33.29410202,36.49030621,13.15155341,14.8726741,26.92107243,41.54823266,22.96394612,5.057926453,75.11026261,32.45082811,20.8132292,4.025769508,90.67439498
Libya,1627.81014,417.5592197,160.0419948,0.048745106,0.991233751,0.003623095,45.9782417,15.41488185,6.76E-04,0.208069139,29.81124283,49.61488625,0.820696664,6.737376611,16.48756072,32.78468936,13.0248538,15.21206713,23.00573697,37.61730153,21.70001683,4.83261217,62.62162165,28.93755319,17.81770305,4.219238082,61.61793676
Sudan,1351.887663,534.0332149,172.4701756,0.066834546,9.919865614,0.9163007,57.67583238,21.33772204,0.015203308,0.146940767,234.8363384,141.488704,38.70853989,78.63975264,180.2926315,27.59993168,21.55596862,15.94464454,22.70811006,39.83315431,26.76252707,12.23322263,36.80854252,30.91749336,28.97118545,3.890765255,97.14185783
Chad,1223.188455,518.4784022,197.0957927,0.111867953,3.464731883,1.653800711,56.24520918,58.38949101,0.025211448,0.165981669,318.2463704,142.1730058,41.90483877,106.2704283,237.5346067,27.27680539,21.9850421,15.34891981,23.70706342,39.96057589,26.96063198,12.6837705,36.4815226,31.22251018,28.73371816,3.960233834,115.2755415
Ethiopia,245.5052467,1257.42189,178.387662,0.98482426,20.5313116,8.030340277,72.69171436,243.2648211,7.18869316,32.71384165,798.8404956,92.49157431,168.0527075,179.4839723,432.123357,19.22559408,21.1976747,14.00397725,22.06489784,32.60142099,22.73800117,13.37582691,12.51256338,24.33742825,22.88589602,2.75535275,170.8787202
Kenya,225.9187078,792.7533261,149.0475774,0.51500586,14.63079423,4.926112859,78.69844059,78.88435708,10.70500054,47.31530043,604.5524186,83.56515477,174.3427848,136.6397838,272.9680068,16.84838869,22.83719549,13.39546613,23.35226832,33.18655546,24.24225664,16.33816677,10.10734162,25.47474408,24.76539657,3.780477256,184.7431295
Democratic Republic of the Congo,458.610484,683.686642,187.7181146,0.168173151,1.599722372,50.46148841,78.42863845,254.0474377,34.81047406,139.7906667,1597.702318,50.84432214,413.0640402,221.9737892,605.2334177,14.26208176,23.02542933,11.03246013,23.34080395,30.93344151,23.94727605,16.67135975,6.668458404,24.66492661,23.84253896,1.484262615,254.6193409
Angola,378.2023922,1061.478991,174.2569084,0.19262862,2.794476466,19.87010918,64.33239465,8.054832235,0.260122051,4.430196881,1023.374698,91.53815947,318.5356184,202.1971332,524.28072,21.48916167,18.79351616,13.84524883,18.86688184,31.03791334,21.61187376,9.548751671,18.53581524,23.28857359,22.75898181,2.1644052,187.5170443
South Africa,141.5038538,1043.141954,184.3999503,0.447661291,12.04703082,4.417432958,54.47119206,43.25139485,9.085544868,32.92872316,480.0126204,61.19154871,198.7871431,80.6325437,219.91202,27.63989279,11.1840367,15.08094019,12.66597416,29.99145107,17.19893764,2.351558282,43.76114971,22.2866895,20.56793353,3.4581928,116.5514301
Mozambique,208.6662474,369.0420547,153.2439929,0.203266453,7.243072832,19.37680497,61.67675652,39.20023955,7.518185438,29.73283051,990.7296689,96.12688763,378.2373388,219.0250299,604.4115751,19.64300898,20.41537757,12.14863846,21.46161289,33.05514536,23.86975458,13.41213638,23.49784709,26.33422967,25.80298188,2.332200976,154.1913013
Madagascar,514.3095535,544.7815866,190.7038025,0.646853978,3.094496729,16.05287471,65.48244415,79.16816422,16.80746447,63.70618404,1376.463386,96.73478536,676.3064958,316.322236,820.0000928,18.65834236,19.65656747,12.30731743,20.06203974,31.34213014,22.8459554,12.68378778,21.8645536,25.069608,24.94374051,2.736785577,154.8765663
Myanmar,322.1251463,570.1658006,184.964498,1.034333157,25.11243856,39.29909781,48.35342771,35.77778288,5.316174281,28.35717297,1981.408964,91.47013442,650.7541158,426.6939634,1173.786418,22.14549172,18.80407606,10.74458522,19.84846366,32.92488673,23.22537673,10.77939501,29.80396723,26.31032989,25.15083815,1.71648827,202.5337387
Vietnam,99.7589702,401.03086,152.8857864,0.881312874,37.73129503,35.94349722,50.87305684,104.8582675,13.79115265,64.76704351,1788.884738,80.82526332,653.1634997,358.7812102,952.79017,16.78846977,19.40935073,8.318559018,20.1432752,31.18619252,23.35869748,14.39772275,27.96211983,26.48121659,25.50173918,1.999043494,263.9387469
Malaysia,313.268561,282.5059503,185.2039163,0.703756565,6.691351804,60.08547739,86.99983752,839.6860746,157.7685165,537.8277883,2951.677641,25.88120245,675.2413871,369.9651053,985.3449484,9.653610205,24.88329593,8.417343488,25.48537122,30.48007542,25.44340927,20.82646521,3.871056804,25.87656279,25.13247869,1.203083993,298.2812421
Somalia,288.0648578,418.6252454,152.7466857,0.226777028,2.074912341,1.21279894,69.90536931,25.44302898,1.034706954,8.423577829,271.0500062,105.0119824,94.52838304,72.99085711,140.4289071,17.51139797,24.24686148,12.24433715,25.52248354,35.26299619,26.3673695,17.75159822,16.1269322,28.23255742,27.43117014,5.349847422,133.8559865
Saudi Arabia,652.2953047,641.3239896,128.7679237,0.176330129,1.398640697,0.013973832,44.27968012,30.37417806,0.222433578,1.744215512,94.62359731,97.64929934,2.893950255,23.49607931,53.46874458,31.32649358,15.77772132,13.89981283,31.28659569,39.86923505,24.56439512,8.542741475,64.91790577,32.24043272,20.34803664,3.728877097,72.83423467
Pakistan,264.4672567,1051.985154,190.6666025,1.030050677,31.52079503,1.451869406,39.41373565,57.400858,4.069453872,19.19714204,262.7748794,87.48263028,97.44197936,62.28270092,141.2420318,35.88008413,9.613197041,14.26812586,18.05070865,36.99429338,20.00736737,1.114209249,75.10544836,28.80890258,21.46737596,2.976714228,121.050943
Afghanistan,317.7157523,1831.744397,201.4297963,1.515600142,9.511846032,0.374672645,35.90441697,128.7183596,1.722483226,8.300540073,311.3291432,91.62875592,12.68958352,67.83924585,175.8160177,40.26161137,-0.261351562,14.72469829,21.12032868,31.95010471,11.53330603,-8.311506654,88.15351475,22.67523657,3.9476596,3.432746579,114.2289826
Iran,264.2038416,1256.457706,171.7249943,1.206398202,14.77304507,0.69029561,38.03820241,95.15687992,1.350039751,5.924181057,213.1761424,85.42730822,7.906124779,43.53765635,112.1180225,37.3190406,6.253446101,14.36264811,26.46697042,36.33787462,16.9740305,-0.981165986,81.63893459,27.26973485,9.568929556,3.173667225,108.6990401
Turkey,74.81476227,1112.032911,183.2526842,1.454611434,37.05865514,7.642872826,34.08318133,219.1034911,12.40489621,46.53409288,592.3943496,51.45034883,58.43178601,91.03702229,244.1009768,33.16223341,0.818752249,11.41079033,19.56958163,28.80140691,10.75281652,-4.360826497,76.51716999,20.37051445,6.02642172,2.795238628,162.7635658
Uzbekistan,523.7900371,357.9727625,195.3145399,0.397815023,15.2674283,0.350609521,28.57270546,65.47386608,1.672349719,8.785473437,196.8237707,61.46569539,11.17754955,34.48610836,88.46949209,42.65918911,-1.618313562,12.30709087,24.52739962,34.97735182,12.39767159,-7.681837283,107.3271601,26.01290938,9.774428329,4.122328469,145.7008648
Kazakhstan,443.8329109,350.099453,186.0126193,0.185621604,17.28362616,1.536192996,23.65027056,51.37785567,10.58863803,37.37353662,251.4208112,33.37298549,72.29797952,35.05348131,90.60431894,47.09995147,-11.25344408,11.3396313,1.563364356,29.90085528,5.65980275,-17.19909619,128.7290857,21.5510482,11.89215144,4.457838501,178.722673
Norway,1335.766998,476.4796509,182.5742113,1.038794916,2.782704547,14.59362664,23.62389328,207.095786,41.10619828,138.7392795,832.5459515,25.92802025,216.3843479,100.2837241,276.1513054,25.45162782,-9.568444824,6.137714788,-2.678619549,12.15600878,-1.447926213,-13.29561904,67.62389502,7.584673562,3.689735734,,
Greenland,11245.80495,,,,0,0.29699973,15.40135835,158.5385203,42.21141083,139.4882689,687.5149064,22.36558843,167.3541332,76.99439845,216.8982885,33.47177329,-28.50678939,5.222258549,-18.87572557,0.914454823,-17.21394209,-32.55731846,99.92457598,-3.306807517,-12.28787505,,
Japan,31.67775032,351.907962,175.4546526,1.11665529,17.42374202,50.08864647,25.69109568,265.4724439,70.03503549,230.9952527,1684.074472,38.3178536,599.8718774,238.1525019,632.2074515,32.63750576,-0.367726412,8.521547178,2.185887783,27.05611817,10.4331865,-5.5813876,84.85707136,21.28794248,19.23907986,2.801730927,243.8396258
Federated States of Micronesia,5098.246204,115.204918,198.8963691,0.583963691,0,51.61595174,86.39710688,1223.29359,238.5930926,843.6619838,4547.62131,18.50653627,970.3527371,461.3080844,1327.912582,7.987673502,26.57617018,6.940323556,26.83448627,30.71864638,26.8039399,22.73097314,1.516293736,26.91444475,26.71225162,,297.9668312
French Polynesia,9274.709629,187.9063232,162.845726,1.319379391,0,50.40065681,68.15876269,235.0028718,72.94550193,234.1832976,1785.603152,43.17492506,753.2468867,270.3738191,729.1560008,9.044332879,22.63093897,6.209133681,23.30348313,28.60328916,24.02305248,19.55895635,9.988608492,25.15895464,24.81984993,5.745105743,198.0262679
Colombia,1302.412834,555.4002246,171.5702276,0.85329858,5.342935728,48.49222535,81.12976809,855.1970974,85.02041723,323.4854809,2673.855758,42.24338966,459.5920631,353.0768736,968.0703142,11.72748109,23.79082082,9.522903268,24.84909669,30.81827432,24.5855479,19.09079323,5.651496547,25.24422071,24.14380364,1.432076882,283.8555351
Peru,1027.102283,1472.204748,166.6433275,1.388491607,2.883981259,44.58837027,78.3671053,245.3844795,64.45024221,216.9614409,1561.50841,56.72363191,464.294408,207.4258137,574.2168303,15.95832405,17.8635346,12.41984559,18.2133491,26.69418204,19.16625212,10.73585799,9.018641519,20.12504673,19.74835722,1.806273649,237.8853637
Saint Helena,5744.45283,156.5681342,190.513382,0.912408759,1.578947368,,38.9591405,117.0329177,13.68724613,52.54767288,437.3056339,43.63471394,123.3277517,70.07526412,162.8543733,7.396642653,19.63611565,2.878826707,22.2209032,25.7559466,21.55838421,18.35930361,15.77983644,23.63082968,23.05012183,,214.3423742
Portugal,67.5440991,287.2909383,208.6306862,0.558974676,45.94372088,13.4162118,40.07268916,346.563166,8.188189051,52.41773962,853.9934614,56.49520504,55.71303995,123.7610035,351.0602341,23.39189054,9.067737609,9.452208115,21.17317596,28.49116165,14.99251766,5.099271105,48.26438806,21.40355522,9.589156628,2.950941965,150.3510581
Spain,50.7522396,677.8865814,186.932559,0.838064232,51.15558599,11.35839438,37.65351761,179.9202309,18.80471969,78.28119904,608.5692597,37.27020236,86.46677276,78.71736551,212.8624134,27.5676683,5.938179791,10.50884016,19.04608997,28.85990294,13.06871062,1.292234636,58.78825931,20.91502872,10.46830764,3.07863453,157.6625663
Morocco,122.8482695,865.9307738,205.196656,0.926333227,19.97214789,0.468212424,43.14126601,122.7448794,2.448355382,13.83613733,317.0179049,62.48721633,17.16012206,50.46076633,134.5937882,31.59992925,9.685607482,13.66780767,24.01355821,34.24363485,17.09638304,2.643705602,59.39153059,24.9969498,12.58810346,3.009149451,114.7163515
Western Sahara,674.6129619,251.5360352,216.0900921,0.014442678,0.000976216,0,51.69823219,13.61252235,0,1.318849807,38.92484999,76.60385824,11.66186078,9.452020251,20.627753,24.21442954,17.06080209,12.45331986,22.64995894,34.88439201,22.25277278,10.66996247,39.56829264,27.45051561,23.42956361,5.299204932,88.65574866
Burkina Faso,115.863687,302.308181,169.5040491,0.005361851,14.99302949,2.577537442,60.67141261,174.0033395,0.436663109,3.489307969,760.5410968,115.270016,107.6509889,213.8511661,517.2103181,22.10615096,25.6022003,13.47417112,26.03929599,38.81850909,28.0705766,16.71235813,22.10522548,31.17071126,26.76171172,2.838656546,179.2996061
Ghana,111.7684195,178.7376596,174.6223057,0.076011158,7.86570414,13.37037038,68.49598353,461.2871683,11.1113925,60.23839721,1247.324509,69.16601944,230.4493067,228.2475287,558.7904586,15.12854641,25.24794245,10.35133125,27.27971141,35.10921107,26.93577063,19.98066467,13.08463776,28.70684388,26.13313388,2.103483113,226.7781038
Nigeria,71.87490841,325.1066464,174.6277329,0.136884238,32.52775857,6.504077418,62.38550202,381.7840794,4.036924101,19.84657971,1178.865428,100.4058918,170.8050845,259.5383404,655.5570673,19.96830424,24.2388495,12.25817595,25.42278178,36.37352199,26.42594675,16.40521774,18.69677639,29.04652441,25.30590376,2.360358523,215.2588468
Central African Republic,641.7017814,598.8563825,184.7410622,0.050319033,0.836618936,22.3912331,68.18387814,292.1427753,7.736798575,38.30318022,1370.818579,76.00470021,228.7975605,240.4837972,672.5849184,19.84075437,23.65497696,13.47140012,24.39698128,34.67416662,24.88827668,14.83341225,11.06936033,26.4342848,24.1948326,1.874747175,232.9623132
Cameroon,236.3700829,644.7877392,183.0127184,0.372539614,2.974246514,36.37377217,72.52839511,597.453824,16.20490177,69.91608167,1658.456494,73.28117688,309.7400636,299.8997651,781.5772319,15.09928381,23.05818434,10.76404605,24.21842683,32.21069431,24.2571842,17.1114105,10.39589376,25.65909373,23.38480356,1.572129273,253.9292534
Niger,1310.854178,459.901761,176.1534035,0.038545236,5.835458877,0.140055755,51.80801395,0.031234391,0.001150683,0.02555338,137.9025497,144.507978,26.23598914,55.05359259,115.5592941,29.4663514,20.44084442,15.30200826,22.35526928,40.71231381,27.14037339,11.24596241,46.69096187,32.33253137,30.57675088,3.973613961,97.50453286
Italy,34.91613596,512.1286918,160.1416916,1.387384954,49.08264778,18.50560086,30.94412531,204.2105214,35.97428636,127.4077848,820.7409628,32.25700206,168.558401,103.9371606,282.5380642,25.77539158,4.282619036,8.110064905,14.16607022,26.18850366,12.03410273,0.413112076,62.19182123,20.06856017,11.65675973,2.648620802,180.2154438
Tunisia,199.6896395,258.9149633,175.6860227,0.299653393,29.4057707,0.588560255,38.80149417,84.83399588,2.402459121,15.33299491,229.2123383,53.76545724,21.99214798,33.61746301,90.19084003,32.10506271,10.40289164,12.61165815,27.59262247,36.53704521,19.08566103,4.431982492,67.72301664,27.72498106,13.13519223,4.053837793,108.1433595
Egypt,954.9943764,301.3547095,173.8262149,0.181041694,4.472106509,0.220351628,47.98018289,8.009986995,3.09E-04,0.020844349,14.16166365,44.88697198,0.266930866,3.757425514,8.928621964,30.94329147,13.87405966,15.0457614,20.07583686,36.65638365,21.98671382,5.71309218,58.57499418,28.72933306,16.98408231,3.87529339,50.35722873
Jordan,323.3769902,763.2459355,170.1490923,0.495499717,4.970053588,0.010056707,42.96583255,59.31336284,0,0,105.0161126,84.09310023,2.18E-04,22.1739213,60.32765754,32.43862177,9.114389177,14.08026726,26.27952862,34.8514409,18.32161898,2.412819124,67.82432692,26.32389486,9.947802229,3.794339174,75.20384239
Syria,125.6040405,521.2332574,165.2021547,0.348500315,35.52881962,0.166570686,39.01708541,130.6384985,0.040859869,0.953299173,248.0164225,81.88910243,1.361116562,49.32627354,131.7985283,35.37429107,7.529617112,13.95376452,27.65416368,36.9670644,17.76447057,1.59277333,79.00052612,27.7279105,8.092531189,3.834949049,97.4519902
Iraq,288.6228424,302.2031598,135.4109607,0.172732267,22.19547912,0.05742525,37.66641436,106.0793268,0.013522705,0.097319882,205.0727579,87.51993813,0.118477068,41.07748041,110.3503684,38.48146663,9.924836999,14.68198551,32.24646717,41.76709258,21.46455863,3.285625955,87.69612724,32.24938644,10.74972341,3.725304928,93.7536235
Eritrea,377.8881988,784.20485,165.6361181,1.036752751,4.452478509,0.747528498,63.08562335,50.78002151,3.511686187,18.79682559,353.0583442,97.57898898,80.49291443,96.12172694,223.6130827,21.49395403,22.96258401,13.71164037,25.09350069,37.10833596,26.12630456,15.61438193,24.01402545,29.10581109,26.06321792,3.090920724,124.3660544
South Sudan,336.583957,521.8058937,153.2856272,0.06837395,1.272882326,11.7777372,70.0691029,404.5433744,2.638008317,14.4450012,967.9805155,82.98430734,130.2764968,183.7059494,496.9039023,19.09028159,25.31609376,13.38987656,26.67873376,36.84021341,26.77128577,17.74993182,12.83460327,28.60622794,25.49261945,2.14426053,216.4341759
Uganda,126.0779246,1152.361031,169.1255989,0.365036439,26.42464442,19.36235802,80.82890714,312.4436071,29.96284565,124.0594003,1194.306112,46.57992252,203.5064737,175.1681156,455.3289605,14.8774834,21.52530356,12.04580229,22.86989545,30.47448799,22.47570904,15.59700459,7.392921856,23.43973031,22.04616225,1.786966623,243.254396
United Republic of Tanzania,264.9564604,1025.625982,170.5614399,0.501144524,20.00492834,13.58644133,68.70164156,30.31602496,4.885784795,21.03303162,976.2154128,87.70718116,279.2867709,198.3863216,513.3121006,15.88150829,20.64005436,10.95981609,20.79523223,30.10633789,22.47319173,14.2248296,12.7158179,23.85649175,23.11337157,2.346098589,194.8854801
Malawi,109.7700942,925.9167949,158.5645583,0.766269656,36.94958297,13.05164158,57.44849241,20.72394904,2.8532299,13.2761354,1071.260052,106.1647201,295.0086465,248.7430754,678.123718,18.89717035,18.39836145,10.93940198,19.39689405,30.51372231,21.74749596,11.61655196,22.53399769,24.18665891,23.16276185,2.356043926,167.5018674
Zambia,225.2367696,1126.881278,190.9006839,0.185149305,7.632260651,20.18173889,56.98423452,3.292717528,0.027900481,0.76763036,1023.999592,109.2374867,284.9528562,234.8527289,661.7428786,24.38245429,17.45463235,13.98004516,17.53188913,32.4442829,21.19591605,8.061828612,25.30675327,23.75917956,22.58824718,2.579925928,161.4912803
Republic of the Congo,784.917105,420.1355076,162.3708269,0.10309328,0.539330832,48.15380493,76.35832769,204.6643778,27.12127145,121.9133733,1652.324335,51.81212243,521.8359925,244.5183393,627.7627391,12.69907298,23.28593479,9.711352178,23.45822625,30.85523789,24.46744236,18.15616491,8.283741266,25.37151991,24.56118425,1.458389408,272.8348147
Namibia,348.9447039,1083.725927,181.7447314,0.327853154,0.743304458,0.971638497,59.06147728,3.508725168,0.324268115,2.26236014,284.2193767,101.1972866,117.0512673,71.318404,188.0295057,25.79147978,14.81743787,15.24407804,15.3532379,31.42565009,19.86909184,5.63417031,35.54705229,23.70117594,22.96752713,3.247668179,101.5140547
Botswana,386.9066591,1037.202122,162.7331166,0.006235179,1.07768452,1.664163878,55.61239805,4.191613553,0.607268767,3.661472515,395.662629,91.84448933,178.2584237,88.15374399,233.4609667,29.01835157,14.68225261,16.26926335,14.69506112,33.27720865,20.83429281,4.25885708,42.94332097,25.22012517,24.74899882,3.201352424,112.3620914
Zimbabwe,138.6263087,980.7205834,186.053171,0.253010454,24.66297879,6.935139882,56.6239958,8.158174378,0.961426618,6.335153232,667.5590611,105.1632419,277.5971509,161.2144837,443.0997794,24.64898765,15.90026485,14.06951393,16.09133356,31.44679328,20.49554675,6.797805623,31.38505608,23.58590726,22.97173893,2.77145431,130.2209263
Indian Ocean Territories,1443.351097,87.18716578,196.5,0.360962567,0,57,74.20403233,182.3248267,28.85668912,119.4338106,1911.249132,56.92828497,676.3584994,290.2789845,829.4013328,6.546671946,24.7013553,4.882105162,24.84390148,29.02757142,25.55925474,22.48089931,5.736597199,26.23976568,25.94041787,,250.9625668
Thailand,114.0083334,279.3319752,163.7712642,0.514702642,52.0042551,23.74813794,56.71028517,120.6069682,10.2617752,49.15002193,1486.492648,79.44387043,369.0562409,297.8545891,750.8463712,18.96792813,23.39675004,10.62210491,23.81098114,34.96544742,26.15024113,15.99751929,18.71620725,28.23370663,26.60232782,2.013597444,238.1278189
Laos,332.6967108,654.6303959,186.9087292,0.99912648,10.06027023,53.93052317,53.61909039,45.63030518,6.874532007,38.97859547,1894.803173,93.35706798,729.096383,436.958752,1128.399866,19.61515473,19.10546694,10.61584096,19.34087019,31.24641109,22.93850954,11.63125637,25.73205374,25.52836427,24.90234185,1.459830587,227.7988883
Palau,2875.030189,51.00114811,112.2158439,0,0,,88.10135683,705.231964,173.5475208,569.4477992,3517.660454,25.03721901,872.763275,419.4130946,1168.617508,7.789864317,27.03694886,6.9,27.28127461,31.34479048,27.33403444,23.55492607,2.357330356,27.58178273,27.2854991,,296.4117394
Philippines,120.2060505,312.3749269,176.1448694,1.180484575,21.02260645,41.50003066,74.85619151,517.3208749,78.53875225,270.0309285,2558.66669,50.56688382,567.2849526,400.7906999,1065.983588,11.46660561,24.17476106,8.566267556,24.90267797,31.19263849,25.28499795,19.72603289,7.964718286,26.21692042,25.08250008,1.999443382,270.7356054
Kyrgyzstan,294.995392,2651.341747,197.8754796,2.698600976,9.674154256,3.086678781,26.8261421,74.69960544,11.16098995,43.65525307,423.9228488,53.63877222,111.7160256,68.68046752,185.4301354,41.30992151,-13.17004296,11.28048389,-2.082164242,21.47567162,0.990542884,-19.83424989,102.9301419,13.3527656,6.955751418,2.795844935,197.0991025
Nepal,338.2014018,2123.311646,194.5895529,2.927130887,27.68561596,21.99304664,44.51657164,66.06005049,5.593297037,44.61999115,1362.14809,99.98114192,739.3330699,356.2869138,886.8534022,24.74214328,7.057627921,11.12221938,8.556681571,25.02669078,13.94969145,0.284547503,48.19824368,19.12302857,18.70953767,2.447196559,174.2159869
Yemen,566.1929055,924.2181081,158.117283,0.68319709,2.959783432,0.25536206,54.55379805,22.30619445,0.661886125,6.010889779,112.9856446,82.78875525,33.41383517,27.89356591,60.09127804,22.00267323,18.49512597,12.10256167,23.50874755,33.64484004,22.97452814,11.64216682,33.83429917,26.99029092,22.73841011,3.515084832,92.36073291
Oman,292.5803109,274.7484345,166.5748713,0.300171344,0.473385959,0.01952738,46.81561481,22.90421612,0.32659954,3.128099662,59.26969981,95.67544271,6.358653655,17.35108954,37.72261538,23.41810307,20.49262694,11.06917529,27.23558036,37.76806692,26.31048654,14.34996386,41.41441647,31.06639879,24.06327326,3.90398327,70.32307337
Turkmenistan,446.7476197,210.1265566,209.7492346,0.1708769,7.863875679,0.069589831,31.18049733,60.19887679,1.21481794,5.699903636,166.0901739,68.71206907,6.429954816,32.11313955,80.13335304,40.70275235,2.451591509,12.86633643,27.19586956,36.96848304,15.29226867,-3.734269304,99.13820657,28.0011677,11.27597905,4.227009783,125.3371991
Ukraine,58.48544543,178.859987,172.2444905,0.069417718,68.34395252,11.16172162,24.85954824,120.2544889,30.69855141,103.9370737,568.6954734,27.97286154,198.9819927,75.32470235,202.1066566,33.43563963,-3.581462044,8.445859516,0.150797732,25.50314171,8.097156593,-7.932497919,90.07546734,19.34155893,17.9819068,3.706255752,214.482655
Sweden,201.5159762,114.7617583,175.4748924,0.061497504,7.070181712,35.80385767,24.9476118,131.9700566,32.55465722,104.9307709,636.3329499,29.68670629,211.908644,81.85004242,222.2281662,31.35314227,-8.072779789,7.931387903,-3.771737303,18.65869978,2.158851085,-12.69444249,81.01218774,12.82723054,11.54643674,4.313964014,237.2764026
Finland,154.2002542,16.40782791,213.8061224,0,7.934893442,38.7056762,22.88859682,106.0876935,27.94369342,88.30873562,560.7195207,32.56775941,195.944569,75.20765328,202.9628441,35.04163393,-10.36036171,8.191896408,-5.851097529,19.69337664,1.268851741,-15.34825729,91.73929444,13.3930973,12.16093089,,
Poland,34.58226078,166.1035576,183.4021908,0.063749957,63.9512875,19.04164939,26.50618578,101.5639642,27.71077187,90.76685292,594.9793321,34.82469752,225.267358,80.84414694,225.5419461,30.13964291,-2.959161106,8.133189903,-1.124553629,23.21470453,7.636440263,-6.924938378,78.20863385,17.20211074,17.17752122,3.341481273,232.7632106
Romania,59.44506778,400.5558197,174.8750791,0.65603374,57.98463202,22.2342609,30.09469974,112.4792206,33.3615977,104.6650151,626.1659591,35.02062621,229.7524613,90.79173378,241.000686,31.70243188,-1.576595684,9.699802547,0.075311163,25.17124346,9.006305296,-6.531188414,78.69694431,18.63197431,17.06832138,2.697950932,205.1908791
Germany,33.71007465,251.9257179,181.2790372,0.252723571,61.03985563,21.34353686,31.17250935,160.0960278,43.48089953,141.3832754,730.5254667,20.52874825,233.8384532,82.99073185,235.0952567,25.33952438,0.191292134,8.026680945,2.570198757,22.21316593,8.411319974,-3.126358449,63.60514173,16.46665347,15.91223313,3.402345226,240.3689128
France,33.47989499,332.7033344,193.6696859,0.4876818,60.81734756,16.57887294,36.35683052,212.7542769,49.29561429,167.243407,815.3169197,16.24585135,190.292132,87.78252232,241.8379305,24.18465052,3.363004716,8.911717973,11.21873032,23.82572999,10.4765834,-0.358920537,55.37162365,17.54758348,9.638482112,3.36922225,213.4126825
United Kingdom,39.08280933,154.9721136,173.4816201,0.432489756,54.77314865,14.0594695,35.28654165,271.8047396,57.39702782,183.5510882,967.5948301,18.46788504,213.5087237,106.2203273,304.0103877,19.31967437,2.916075146,6.907957221,8.511864357,19.08297135,8.452062999,-0.236703022,44.85675061,14.35349199,5.635635815,4.479387797,248.1226878
North Korea,92.131492,595.3295677,185.6508659,1.107910702,28.89380504,35.10803942,26.08913156,49.27638983,14.51288764,49.25497836,1005.476962,94.28658842,604.2548516,264.0653897,616.5165751,42.18403594,-9.295948461,11.20889494,-9.275012096,25.16209197,5.687665767,-17.02194396,109.9870146,19.17134274,18.88385731,2.647153376,187.3662867
Papua New Guinea,1195.376816,600.2419421,166.127054,1.440334591,1.162832689,64.38355325,83.31107179,598.4812959,156.6585159,520.0422743,3058.065278,29.15674861,867.1544443,363.6535021,1015.184411,10.87368757,22.77951041,9.104330225,23.1028448,29.29511265,23.63502532,18.42142508,5.742532997,24.19900532,23.88295704,1.444354699,290.2883167
New Zealand,212.2931616,473.4105051,181.962447,1.277507124,16.70505799,36.7799794,46.2822267,444.4034572,97.24405716,343.6277703,1654.20798,15.5782557,364.2112206,170.0249548,482.9050574,19.75640901,5.384525084,9.233445538,11.45409724,20.59574985,10.20664792,0.839340842,36.21621083,14.73255378,8.218787853,3.457694678,204.8887129
Venezuela,1480.298667,343.3442912,172.6541157,0.604648562,6.188709681,44.16838932,79.99424375,608.3546771,40.78962426,151.9351828,1944.437018,60.2510098,341.5792585,311.0672028,862.4274541,12.77331124,24.86187109,10.24158916,25.54904961,32.24596812,25.60036779,19.47265688,5.616859585,26.24557777,25.19529939,1.856682085,252.1061911
Guyana,1576.856868,218.3281045,166.499421,0.234293262,1.351236629,58.92281043,79.56185926,532.007328,69.73170091,254.3500529,2028.937408,51.34394866,291.3070265,330.0804486,873.2046457,10.89241397,25.3261789,8.718608229,26.48411321,31.92949513,26.00004982,21.03708116,5.686963894,26.77333719,25.68142062,1.67774556,244.3188714
Cuba,74.60241454,95.25826196,179.8147203,0.26400715,39.66279379,26.24346438,64.2460705,112.1848399,29.61328183,108.6379945,1331.358356,59.66301261,485.2214359,211.103444,543.2186826,15.93012638,22.35196876,10.3174058,22.45081697,32.61184798,25.03394454,16.6817216,18.8612879,27.19301617,26.67792636,2.278429227,170.2082777
Bolivia,445.1294159,1290.020607,151.5460077,0.673776684,4.057430677,37.81479768,66.80037321,100.3289284,21.25184485,80.73190543,1148.542962,75.84719717,399.7883094,198.3869959,537.5874644,19.9670824,17.48727964,13.36206436,18.01409928,29.4436478,20.42665376,9.476565399,19.79312791,22.3533214,22.14808196,2.340412545,196.993405
Paraguay,367.8888256,165.7031156,143.6073728,0.027189037,21.85277541,23.72186749,56.28495087,151.9246773,36.45386145,133.9657044,1081.581002,43.26980559,353.1195209,139.5018725,384.0392047,21.64335169,18.90102471,12.26863873,19.3456635,33.84234203,23.39479292,12.19899034,33.16906876,27.2582446,26.32776444,2.62165028,177.7906776
South Georgia and South Sandwich Islands,6537.695715,457.7877979,155.2061646,2.800699078,0,1.268627944,45.39316702,453.2283625,96.05820138,309.9502103,1673.291124,17.73962939,411.8241413,172.9932522,499.8401347,13.50601919,-3.69702255,6.186843393,1.63092015,6.586017282,-0.436926871,-6.92000191,24.69715366,2.628733095,-0.179741264,7.203750325,287.2474058
Senegal,179.9246198,53.62559082,199.3442667,0.002811046,16.31063056,2.510464499,60.62363131,2.910886213,0,0.421782389,674.6602257,136.2960285,99.63082039,212.868414,536.4185446,23.64406451,24.68870746,14.40437071,26.9041546,38.83898379,27.63547141,15.19491928,22.16210705,30.41027296,27.70216486,3.066587067,175.1651938
Guinea,125.7896233,433.6743452,183.962671,0.295806004,1.745471155,17.16534444,62.64769886,408.281252,3.27116245,21.64473612,1852.815932,96.75741317,217.2038937,440.1688277,1129.161997,22.30132458,23.93182844,14.08001887,24.68922971,36.59968183,25.67898867,14.29835726,16.32622657,28.07132096,24.70062009,1.806795424,214.8767689
Liberia,244.7298753,204.702246,202.1377139,0.049927262,0.021103195,41.79691245,76.85490725,1005.588849,44.68420247,209.1531388,2703.95707,57.96025748,444.9659099,460.3620989,1113.738327,14.2696455,24.51997296,11.01002924,25.73367536,33.11536356,25.58377852,18.84571806,8.077275473,26.42195246,24.93305821,1.419637779,247.8106864
Ivory Coast,121.8550943,259.8744097,169.3209968,0.024278668,2.965242805,18.03277978,69.50758011,461.0068043,13.48869976,76.37298436,1353.614021,66.83160452,258.8238896,260.9326478,618.5529983,15.2784673,24.78410896,10.60170816,26.23048028,34.22684549,26.23260758,18.94837818,11.42702977,27.74434453,25.59801219,1.886728619,225.0775
Togo,75.05412418,247.1485403,186.6738393,0.173134875,29.46336429,9.369440969,69.84487468,556.5410375,7.660159494,36.62356685,1191.760345,75.33924482,186.5393706,220.3927041,591.919604,16.28504908,24.90478636,11.36262959,27.02554704,35.65354195,26.7362644,19.36849288,13.83416966,28.58808687,25.31890122,2.000121255,223.9970482
Benin,115.203185,267.0421453,178.5135482,0.038044014,25.27925832,7.591677377,66.17602167,477.5927928,2.106208674,14.01108887,1061.151815,91.4909694,146.8737974,228.9515613,605.8449076,18.64316632,25.22161031,12.30368343,26.89236445,37.07765965,27.18634812,18.43449333,16.81105183,29.56815242,25.53463916,2.105127204,212.7378608
Greece,53.24477354,441.9425317,164.0465743,1.619042356,35.08087005,15.46310846,34.51047033,266.4576812,17.71136656,67.33518773,705.5142656,47.37498503,72.43128531,107.8104409,291.5369121,28.74686407,5.431011665,10.07105187,21.89942144,29.56164957,13.62153456,0.81478549,65.55851985,22.11776108,7.678426008,2.547999651,165.8678124
Israel,44.86190738,287.3723511,209.2334972,0.923897757,20.91452613,0.329753329,44.34643573,185.9458693,3.44E-04,0.014375047,295.9783221,102.5502191,0.452707619,73.28473459,191.7354589,25.70032064,12.75167856,11.53001224,26.00694027,32.94764539,19.84544921,7.247324749,52.9510417,26.13459405,12.93931854,2.969420578,88.5992533
Gabon,553.1859626,369.0344424,187.3305377,0.186369884,0.005527366,52.09085643,73.04117821,61.49292865,8.867174314,56.09318068,1860.299357,64.68075845,635.2455948,327.9087687,779.0526661,12.73863957,22.90526722,9.351154636,22.95397491,30.82716116,24.50281961,18.0885216,10.21848219,25.48526714,24.74822883,1.322218943,288.3330561
Cambodia,208.420768,120.8669724,172.4292862,0.248564525,33.6764878,31.19662519,59.74402955,100.1566134,5.092721953,36.09367502,1777.848036,78.69420855,330.314187,337.9825859,906.4577975,15.16584909,24.87756641,9.073125778,25.23442451,34.12150007,26.74688604,18.95565098,13.36150325,28.43756505,26.72188071,2.10136841,261.0012052
Taiwan,62.51381382,814.6217189,215.019978,2.419724198,21.73843869,46.76494424,43.05438817,239.1145751,52.39986588,182.7879624,2557.831732,70.42202255,1195.088024,475.2520875,1266.73989,17.05959834,13.99198902,7.352467629,15.72560546,26.67168788,18.84623678,9.612089546,35.43913986,22.83337442,22.49072393,3.260392844,243.0668054
South Korea,28.46618824,251.1542671,195.3566307,0.711137536,31.76030023,36.65742339,28.3471869,97.93390368,27.59487228,97.76133661,1316.575314,77.76665348,703.4478712,296.5658185,716.1206177,36.63694049,-1.366561643,10.56985798,-1.145215717,28.59019164,11.13772083,-8.046748829,93.77592282,22.77918303,22.57638748,2.688840701,202.4961525
Bangladesh,33.64179307,29.93987766,168.6095451,0.032539246,68.13135954,15.61791579,43.39718171,34.11335399,4.761917365,33.83717702,2194.098538,91.06424645,899.0220206,466.0512877,1273.202795,21.97628587,19.85637729,9.626260079,19.98464054,34.05148238,25.52195032,12.07519652,36.12041125,28.64029431,28.32093261,2.450944208,193.4796635
Tajikistan,587.4750849,2962.817302,196.0896306,2.611243794,8.437107665,1.311734617,28.04317431,175.0175411,7.094152136,31.70033822,569.9543713,59.52735126,49.44067173,95.73434288,261.1613121,38.36652121,-9.831293582,10.94153258,11.66166425,22.30212012,2.441885087,-16.06440109,91.68561543,13.88849729,1.567253638,2.996939416,185.2862026
Sri Lanka,63.00514497,182.0564906,186.658191,0.403258764,25.76583632,30.91242371,67.87155969,586.0216617,41.36871415,187.7751013,1882.36839,65.66733182,366.7919127,343.4647473,864.803914,11.22670553,24.88306637,7.646920291,27.16368468,32.16791909,26.47843255,20.94121356,11.08589014,27.63315686,25.51740065,3.49490751,247.6070393
United Arab Emirates,213.1353314,110.5689798,218.7507003,0.071094043,2.091783257,0,45.01245867,43.54852286,0.007372574,0.283719024,72.32978443,127.4958299,0.656837151,27.39363051,53.62716196,26.80954117,19.68429833,12.19137203,32.82297735,40.02268664,27.10950141,13.21314547,54.01550683,33.37469254,22.3963132,3.869895145,69.47315825
Azerbaijan,86.63017198,640.067615,127.1189171,1.440853262,36.1450321,7.26719223,28.46190413,85.27931284,16.35000301,61.22073491,453.3004121,39.61666957,98.75768039,68.16092607,174.0463299,33.16762027,1.530183853,9.605681011,13.52841049,29.91985905,11.98962757,-3.247761222,81.0811371,22.22981622,13.54960594,2.662134863,191.1589906
Georgia,154.3523516,1163.61322,186.4994044,2.255906059,27.25799876,27.63013834,33.9282195,190.5014029,46.57979303,158.9524206,973.1892826,31.83251904,291.1495764,126.0034568,338.7362383,30.8633565,-1.400538667,10.60066271,0.437670044,24.0886167,7.989220598,-6.7747398,71.91789389,16.93326138,12.10767282,2.513663489,216.0677498
Armenia,97.29451554,1850.48297,183.5375423,2.31889558,21.33826622,6.992914644,32.42358775,69.67429883,20.00548963,67.22309812,501.6587673,46.50159775,127.1616813,86.25816191,213.784587,34.82842686,-4.557721774,11.43395924,-0.585204815,24.3580566,6.165300484,-10.47037026,81.33372186,16.19943753,9.369815974,1.968252839,191.7616707
Bulgaria,89.12241274,467.4458679,160.3145198,0.974942029,52.31249667,20.33150418,30.8780721,144.7109976,35.21158416,117.9853496,609.9577203,22.86173738,160.0253417,73.87040381,197.5501549,30.76478929,0.388302493,9.650658468,9.731697266,26.4386379,10.17937835,-4.326151394,74.67946091,19.56625077,13.33011523,2.724887574,191.3499384
Belarus,79.96755058,161.1527381,173.2923657,0.001425672,51.46634046,24.87289447,24.66369688,111.5036568,29.00285832,100.1587811,624.1477146,32.13825942,231.6745382,84.27929349,231.6745382,32.80024705,-5.302794485,8.228642886,-4.201371801,23.07258693,6.244619782,-9.727660114,87.78210573,17.10304917,17.10304917,3.264417738,232.5725082
Latvia,76.04271789,89.87191936,196.9188529,0.008585396,45.25324335,28.80422944,23.13618764,121.1216754,28.32176243,100.995004,662.0438429,30.17830871,217.071232,80.72356285,229.0845003,29.78241997,-4.844977127,7.040892653,-3.509028327,21.19771808,5.681214223,-8.584701888,81.57078235,15.97963833,14.0331019,3.605422622,235.9695824
Republic of Serbia,41.25593944,402.3217027,159.0535626,0.754326532,58.30910626,20.2102623,31.85132178,156.0101998,44.62899882,141.0410564,704.2093819,20.34333574,203.2148467,84.19206608,226.0506165,30.12970483,0.432528005,9.755055778,3.230264254,26.14717813,10.16437082,-3.982526695,72.92243712,19.14954719,16.83893705,2.554396942,203.9960192
Croatia,42.84249698,302.7346371,162.3116276,0.81320264,41.2065176,27.01030488,31.15807452,237.220638,55.8136886,180.3384883,989.7993826,23.43840906,242.5274129,119.7869352,327.7366852,28.84175799,1.650997259,9.153328956,8.389967256,26.37403478,10.81432567,-2.467723198,69.97395754,19.63106886,13.1811497,2.778315422,202.5172202
Slovakia,44.64364635,460.9824197,178.6660302,0.920666014,49.241447,32.30309845,30.42893616,134.6285595,39.45664148,123.5922306,753.1072432,32.48591585,277.8171811,102.3249818,278.4411687,30.63297437,-2.466909971,9.478780227,-1.066368971,23.41366092,7.577007208,-7.219313448,74.67724978,16.76967849,16.52335732,2.697062205,223.3524689
Hungary,39.16305059,149.6459721,177.431575,0.124568102,68.84679559,12.64585693,30.24824003,113.7032046,31.51465183,100.476775,585.3626231,27.41573144,195.3451016,76.0113615,199.9530182,31.38885613,-0.119491129,9.650082404,1.576906177,26.7081315,10.34561351,-4.680724626,77.52510272,19.82995209,18.82666133,3.09811306,209.2470946
Austria,51.98273261,950.5300018,166.5693012,1.450009486,33.00355934,32.26420509,31.6412877,189.4956286,55.60656807,182.0356572,1049.228613,30.45925126,378.5821345,132.7887971,379.5294138,28.32866726,-3.20359507,9.129945086,-1.786864617,20.71571113,5.744182035,-7.612956128,68.33476477,14.332712,14.33018272,2.464692388,231.8576952
Czech Republic,29.95314563,453.474756,172.7331371,0.540671738,58.75520456,23.75361951,30.06045725,113.5782476,33.37087997,106.6853975,663.8282406,36.15609201,254.4987946,89.58786501,254.4987946,27.93825069,-1.875664348,8.541579305,-0.307225938,22.23725008,7.335684228,-5.701000609,69.86437833,16.08160488,16.0801919,3.214086807,239.0239965
Switzerland,51.4387536,1306.401711,202.1534026,2.276436531,30.33206282,25.10529803,29.59000811,297.3540432,86.42610049,274.0593707,1338.427735,18.48479441,401.6709152,146.861186,415.3905845,24.02751158,-2.623934158,7.276357867,0.632032027,17.88542645,4.929842409,-6.142085134,59.55781858,12.49037692,10.01104033,2.413838105,226.3158837
Iceland,366.5185757,,,,1.698975745,6.748368662,32.43413929,329.2505256,70.20403083,221.2501224,1173.663276,18.64673642,248.6462871,129.1706333,348.1720887,16.48527792,-3.259753639,5.432529785,4.627689706,10.38374152,1.140137562,-6.101536401,40.42098553,6.73605357,-1.126204259,,
Marshall Islands,7211.8125,0.225538972,53.78964942,0,0,8,90.49498705,683.3358398,172.4694314,612.8797703,3351.662699,18.37142857,947.3000244,343.5306109,973.9673732,5.466728962,27.26662667,4.983978304,27.31295746,30.3543845,27.47928258,24.88765601,1.391216812,27.603573,27.57213981,,261.0990257
Northern Mariana Islands,6667.571429,55.1476834,191.7799228,0.042471042,1.71990172,41.79761905,69.85801214,271.2770617,76.82809499,262.1457385,1994.836213,50.01731146,570.4734466,309.9536021,873.8992445,7.43721658,25.18775284,5.189133751,25.5251849,29.98558876,26.32905799,22.54837244,7.367594262,27.02473896,26.82899166,,221.7743243
Fiji,306.6641134,174.9970266,178.8326802,0.795643174,0,56.36065608,63.50420224,350.3048056,103.9363296,345.2245891,2593.225886,41.34123969,1009.256808,362.7959071,1013.624756,9.803187782,22.40326345,6.253608712,22.45496956,29.30899571,24.08294878,19.50580794,12.3903013,25.57186512,25.51629485,3.175703111,224.392444
Solomon Islands,855.8028635,216.2973549,116.2012914,1.076349774,0,71.89622794,84.10490543,660.2198418,179.3594157,609.1386548,3178.808124,27.37303518,997.3382095,398.7720194,1116.761971,8.53620987,24.47316245,7.2206575,24.7552639,29.42359655,25.15258609,20.88738671,4.406592736,25.59514081,25.54285465,2.678977929,291.3286485
Tuvalu,3392.571429,0.571428571,61.07142857,0,0,0,93.9753685,711.3258972,211.4255447,692.8519974,3409.808289,21.625,806.6614685,404.8137817,1125.87767,6.138731575,27.86748238,5.7875,27.98873291,31.17998238,28.05,25.04124947,1.168763027,28.15,28.04124947,,249.7419643
Wallis and Futuna,1457.609626,27.5,161.7196532,0,0,0,80.85174054,530.787004,156.8044524,521.1082033,3205.408867,24.25480845,960.1140621,343.9790688,989.7705229,7.094716241,26.21435221,5.776717146,26.2713962,30.69437245,26.92750328,23.59965641,4.5562993,27.37045861,27.33511394,,259.6805275
French Guiana,1767.909457,139.6945921,156.3173981,0.048612155,0.317135788,65.27155587,75.86460504,803.7414696,69.62719153,259.3196329,2690.906711,45.73098223,271.5991851,405.9109632,1049.417734,11.54935987,24.72836327,8.807474109,26.03305461,31.92821836,25.40081627,20.37885849,5.097001118,26.04829582,25.24814348,1.624861319,236.3070467
Suriname,1986.191932,161.9617666,185.8455992,0.108985456,1.127398812,68.41046925,77.29145292,549.0942737,58.5110598,220.6097582,2251.912337,49.2437194,225.9003225,365.1283388,942.0926218,11.43969729,25.55734141,8.898594313,27.23307776,32.86045652,26.30283065,21.42075923,6.543671432,27.23391938,25.97099165,1.575777984,236.5294878
Guatemala,178.5604595,732.0063584,185.3812735,1.363598306,14.20206769,43.93870715,68.12683099,204.556281,36.70071552,126.6068741,1982.391176,68.09623082,506.0721344,343.0662106,873.6029207,14.78799784,21.03017887,10.15299666,22.3242108,30.20801214,22.93108676,15.4200143,13.12017842,24.35181192,23.62682943,1.726264425,219.5759577
Nicaragua,295.7828719,221.8445634,148.9837188,0.426387198,4.365388068,36.06068766,71.58983693,354.8119399,35.11567168,130.9733653,2289.551588,66.42536757,481.392236,382.4630748,1016.724805,12.74711571,23.82119639,9.204957474,25.02650247,31.64113128,25.04713041,18.89401557,8.654868336,26.03672673,25.20931369,2.264465605,232.9953742
Honduras,288.2333484,625.6559278,175.2648045,1.38937971,3.449149536,42.51177862,67.49483009,265.4108044,34.23607995,127.2873829,1727.316593,59.79426584,445.9586844,274.4798642,717.4794788,15.26998261,21.68172052,10.40519058,23.35639427,31.52573313,23.63823102,16.25575051,13.45913009,25.13521611,24.05347097,1.925279141,226.7240393
Panama,282.3050848,299.6214774,159.461191,1.086222969,7.224637397,41.26935425,76.72183416,808.5330495,32.13011506,135.5817469,2566.060966,59.71434449,417.5021152,411.5478431,1056.365812,10.97718779,24.35701194,8.431731789,25.11980317,30.82522005,25.02086848,19.84803226,5.454428715,25.75920668,24.57703678,1.831303975,271.1057008
Ecuador,418.5928682,1074.129068,174.7428113,1.483501622,13.37099737,44.43037577,83.88679155,453.4632883,94.4789649,312.2000804,2058.090786,48.92946608,629.6383067,281.9882582,780.9635326,11.61225517,20.17676425,9.803834199,20.70714284,26.88464222,20.91201294,15.27238704,5.276301051,21.48616325,21.00741272,1.591968975,283.2677106
Uruguay,146.2655957,110.6832461,196.579478,0.026059595,22.37566704,9.672512422,46.92764539,279.9634695,78.9128142,260.2990633,1222.064688,13.20100494,301.6808728,124.9780186,345.1803035,24.18659019,12.06571453,11.47078973,16.56126899,30.79542919,17.52377977,6.608839001,43.91979533,23.2542935,19.08419289,3.942861886,162.7401298
Cape Verde,517.492194,331.0416535,184.5274346,1.778408459,0.321457273,0.870680628,55.90804765,8.647168082,0.015238189,0.244873215,246.3515304,152.5236622,201.7024286,99.95874899,201.8232649,10.40657909,19.74165095,5.901442045,20.59898913,26.90450408,21.72460747,16.49792506,15.90217945,23.82574177,23.82527179,5.97077458,183.7251569
Guinea Bissau,148.9474999,33.63809132,218.6845539,0,4.143156537,17.9514879,59.71054556,10.0842534,0,0.147230802,1656.587446,127.5954615,111.1924692,517.9175591,1253.209316,19.78004131,24.71904896,11.79712913,25.89934879,35.94361098,26.60341047,16.16356971,14.80570981,28.45533531,26.15628923,2.470166962,205.8074479
Gambia,106.1504198,25.5327257,199.8163574,0,25.9565667,3.309044069,60.85787179,1.149735577,0,0.014165052,792.0065891,136.6579959,144.0941129,259.7126971,644.2109042,23.08234232,24.6822001,14.09712721,26.13754506,38.04417375,27.23020048,14.96183141,18.57803626,29.52020723,27.15719504,2.710935042,192.1072828
Sierra Leone,115.6647391,198.3206162,208.9676954,0.159177997,1.00395891,31.78183547,66.29212063,1271.990367,8.782608288,54.42505902,2714.774506,81.36483492,309.5308922,537.0111688,1441.199835,16.04423204,24.79327105,10.58660892,25.84009085,34.44087387,26.03879072,18.39664184,10.75321424,27.50616539,24.91365103,1.616442266,236.73696
Albania,73.83085556,651.8155406,192.1303264,1.89007529,23.3460866,12.80462888,33.16941281,392.5087892,40.08848005,138.15462,1151.097474,38.54662893,138.3346702,159.0460653,435.874661,27.08154903,3.57989578,9.114174371,19.57320594,26.27563639,11.46748679,-0.805912645,62.66851506,19.57741598,5.267449973,2.472693504,181.1311126
Montenegro,77.22907814,1033.036137,173.3449723,1.943118323,16.06607425,30.73063867,31.48645697,364.6184459,66.28103756,223.2163326,1266.377902,21.986191,226.3687901,150.467237,410.6334334,27.16748972,0.120511339,8.70116458,16.01155154,23.03809299,8.471448906,-4.129396719,64.82693287,16.65868757,4.116106447,2.419002458,201.7292493
Kosovo,24.35409491,824.8129659,177.0093311,1.595959077,40.15851182,19.80495513,31.6129762,220.2112596,52.60889262,169.9494238,847.3503499,17.00529375,177.3383072,94.38993818,254.0134878,29.71483142,-0.309952814,9.542772062,15.45451198,25.01586093,9.166762996,-4.69897049,71.38447385,18.00645066,6.321306263,2.153968018,200.8100631
Macedonia,69.04754553,802.3358714,175.2740213,1.895540194,35.37039797,16.95090669,33.76605923,166.4807225,36.8702873,119.154179,642.062617,21.29696364,128.5339612,76.26115993,199.1470726,30.68523936,0.490646328,10.51061799,17.03634124,26.38274097,9.789268392,-4.302498388,70.80659744,18.64252578,7.675625917,2.195983124,187.9338111
Northern Cyprus,39.45327252,89.76909444,161.8802431,0.528399021,60.8686304,2.131334357,40.9380374,214.2611279,0.593331417,4.952406456,402.4425628,89.46808302,7.575595112,96.86246879,230.0010539,28.1370327,11.45269399,11.67258666,26.36214105,34.04144861,18.81357689,5.904415828,59.91329764,26.44903953,11.45949684,2.99759314,126.9902576
Cyprus,35.72680074,328.1184149,156.6589443,1.482844022,39.12814434,7.909843282,40.34821341,320.0145024,1.851776584,10.33299413,563.0425329,93.74573607,11.1638429,133.0550673,340.8121148,26.94125442,10.18902567,10.99422975,24.69381448,32.13542148,17.36447268,5.194167089,58.07376434,24.75970753,10.20445548,2.739476007,116.771612
Lebanon,38.07619697,949.7680368,245.3370826,2.886782145,27.63600558,1.215264123,37.00691326,487.086739,0.499958696,2.690723018,826.0401421,96.58459722,4.600508952,190.0050392,499.1920478,26.23132734,7.278014927,9.839470174,22.0373379,28.89247962,14.92567224,2.661152298,59.09732097,22.16920931,7.306271706,2.97035751,126.9303162
Djibouti,231.9820214,480.6138044,168.7920096,1.233939035,0,0.755656646,46.95999302,37.71663323,3.431423539,23.72587146,180.4970397,56.26808929,54.63894116,33.48979777,77.5311108,20.04260807,23.29336172,9.517264604,28.89576223,38.44177226,27.79701536,18.39916419,36.01357034,32.35688066,30.15426711,3.668666904,139.4924966
Comoros,110.9826184,262.1399276,164.0422195,2.628709288,0.061766523,45.45761218,68.17742784,258.9391675,55.12017793,219.535751,2115.120762,54.54186607,865.1353137,350.8796045,920.9093046,10.8169623,20.4624632,7.42858215,21.07772426,27.24605223,22.27362173,16.42908995,12.65472975,23.5503438,23.52701605,4.302230358,185.4180247
Burundi,39.17268404,1514.864442,174.0215411,0.951510393,26.0672288,12.96760933,75.5685994,168.0788491,3.211205212,28.40337912,1179.876143,63.58945156,206.0140488,190.5869617,486.8342401,14.88368883,19.20977961,11.28771463,19.40696156,27.29664706,19.85361429,12.41295822,5.262054098,20.47441599,19.80324239,2.052875048,254.9407547
Rwanda,58.2010836,1736.716146,149.473235,1.004901225,53.83210128,15.00570024,85.28897563,273.454404,10.97207713,70.49153877,1158.819444,51.52465669,224.2421249,182.5763884,445.0415041,13.04556751,18.55816092,11.18061125,18.79530812,25.58158641,18.86605076,12.5360189,3.000839262,19.2126809,18.78298345,1.83053101,267.6880372
Lesotho,139.3339882,2154.672672,226.9394153,1.457283017,20.35094352,4.743162573,52.06428554,48.30154698,11.64385048,47.22601726,742.6274399,59.57383454,313.1751065,114.5159204,318.2770823,25.93848569,5.949420724,13.63181891,6.018517309,23.82625675,11.79273227,-2.112228945,41.89118203,16.62269865,16.31301543,2.776451097,128.5239426
Swaziland,57.9951164,729.1477628,134.8202139,0.917770142,30.50346966,13.86900298,58.63038698,46.11133423,13.13212182,46.10756567,906.5674376,67.25593138,426.3816,153.8741642,427.8442093,20.64915602,15.0376876,12.18335415,15.04010256,27.87477045,19.19117021,7.225614432,28.92720008,22.36057714,22.24297044,2.171290695,169.9433304
East Timor,163.9555051,440.7234578,169.7510151,1.78459725,2.369984645,30.39113291,68.04501572,200.293997,11.42528319,61.65812362,1729.861278,66.61956147,590.5518635,283.2878597,785.3562444,11.59417897,22.73695894,7.947656891,23.44671224,29.8266723,24.2123628,18.23249331,9.779100798,25.22622949,24.78605024,2.159211409,224.9098402
Bhutan,501.2831596,2860.925351,181.5962121,3.69839397,2.422378376,49.89924223,44.83827454,23.09199808,3.884030065,21.31384028,1509.813029,98.45824111,899.3121647,354.2108031,927.5800655,25.92724723,2.968869514,11.75694965,3.426032233,20.37446473,9.953483074,-5.5527825,50.85974127,15.88991363,15.84082549,2.439829096,226.0796468
Kuwait,97.95751063,119.7246006,94.23672675,0.005223269,1.82748538,0,36.72549192,53.80347834,0,0.105210984,107.2171165,89.92229645,0.105210984,22.27217443,59.76590821,36.74100407,13.35519461,13.69033423,35.21745017,43.84169453,24.8021021,7.100690466,85.66701878,35.21745017,14.98712138,4.494017387,91.49197537
Moldova,59.49000025,143.1479716,166.7283366,0.11798471,77.52801901,6.905159821,26.94399133,104.3065415,27.69500523,97.44965898,555.5097929,35.77141712,208.4008523,82.39181286,215.7145413,32.66420907,-2.081683378,8.971029299,1.784058964,25.95921355,9.331874031,-6.704995521,85.93869582,19.84389043,18.40738361,3.578615824,204.5717215
Denmark,55.21571619,27.27314568,189.6650829,0,65.14572759,10.08375546,26.2894491,144.1528864,37.99040071,124.8205887,726.664688,23.8377144,193.9812303,81.73594013,237.1132796,23.17642778,0.347740766,6.212307843,2.449916541,19.46903452,7.725706147,-3.707393261,59.31481058,15.31885194,10.05404364,4.689150577,239.0802897
Lithuania,52.24908502,103.2487388,195.5077952,0.004472962,62.38429549,19.7071296,25.42843526,122.4142494,28.9744605,103.5056178,661.9081118,29.14459528,225.1699164,81.89833917,228.878898,29.96791484,-4.296542369,7.774690331,-2.62395674,21.84757578,6.19788742,-8.120339063,80.14949669,16.19053435,15.45819191,3.586398669,234.1164869
Estonia,77.88829724,62.83870835,187.7976328,0.003505444,32.33833752,33.1136245,21.76208838,119.7110403,28.92199191,97.2495312,635.1371276,30.77545649,200.0247302,76.93350201,218.8393229,30.76575319,-5.590845799,6.844790525,-3.218733986,21.25033955,5.063855341,-9.515413632,84.0301112,15.88503424,11.94842193,,
Bosnia and Herzegovina,73.43442978,710.1879957,160.8869448,1.352818325,37.55560593,34.44744414,31.8293981,259.0878671,64.49253109,204.1970322,1035.95517,18.59863887,250.6902454,118.8680782,324.2753306,28.60093325,0.079367043,9.273848338,6.244443811,24.59435193,9.072414337,-4.006581323,68.54095609,17.70262402,9.658404543,2.315268423,209.5248489
Slovenia,41.52405352,561.9787219,156.4179192,1.198477085,35.29113006,43.62244551,30.54271167,227.6719244,65.77892115,206.646424,1173.159014,21.83889704,342.0689726,128.0912561,368.0815825,28.92357053,-0.345223878,8.990989517,0.870878122,24.31269394,8.82737802,-4.610876588,70.26983545,17.7114431,13.5803367,2.214353859,216.5455151
Belgium,14.38772865,143.4574939,218.8503611,0.095365979,60.77621626,15.08315238,33.25148145,213.9997462,56.29171386,183.6450923,850.2047242,11.33182817,223.2043466,83.65095293,239.4220127,22.43083394,2.434042348,7.576101917,5.916118734,21.70531656,9.524934115,-0.725517376,55.15859596,16.43188189,7.706426273,3.876680127,237.9154036
Netherlands,10.96377983,8.319472995,180.1535854,0,60.49392167,12.98355765,32.27393961,187.3512911,46.27027816,151.6303814,782.3445803,16.38883514,215.7112536,79.35367185,227.6124884,21.71499537,2.481932744,7.122868598,5.140047222,21.15435574,9.282128726,-0.560639633,54.00277342,16.09655641,12.74574416,4.399983413,240.9667441
Ireland,41.54690409,104.3758318,183.1736692,0.288890499,72.5995749,17.47284591,40.63892017,312.4569955,63.22202302,203.9629042,1071.963412,20.30871871,230.3589557,120.1294939,336.872816,16.81098396,4.77633272,6.918358698,9.524349288,18.50851933,9.132882866,1.697535374,36.50906206,13.91544099,6.21232865,4.619187709,245.5596954
New Caledonia,174.1064252,189.8786797,130.661108,0.91527308,0,42.94773328,53.77136971,240.2041854,65.09151068,210.250782,1587.782907,45.39855711,676.3566393,237.5687465,676.3566393,13.47181065,18.71306629,7.308208285,19.84985919,28.21382667,21.69131177,14.74201605,22.51217936,24.49660437,24.49660437,3.457803196,196.330875
Vanuatu,2308.790989,249.5102553,155.3021413,1.2648814,0,67.45674109,67.90100424,426.9964475,126.5384574,425.1598824,2763.123939,33.48736705,996.9301576,355.1988275,997.0014296,9.327631674,22.40012196,6.362577612,22.47733672,28.60348585,23.76550029,19.27585411,9.94186252,24.93485428,24.92859018,3.788219148,244.8258563
Tonga,2345.069143,13.32635253,144.9197208,0,0,42.04188144,57.58007054,331.8562867,92.70624261,302.0635941,1793.822508,31.49287372,661.0403305,238.1967418,661.0403305,10.53913943,21.83825293,6.108755589,22.57995167,29.54513784,23.86852347,19.00599819,15.76932452,25.89183822,25.89183822,,232.130901
The Bahamas,383.4712311,2.938472339,159.477615,0,0.265083847,20.90120757,47.92999206,133.1789743,35.57614264,124.6080876,1174.598886,55.59349032,427.4830608,185.4300321,491.6421201,14.67745638,21.28144658,7.083066126,21.65706719,32.00186387,24.81166911,17.32440755,26.28012901,27.96707346,27.23048537,5.475842281,204.7166679
Dominican Republic,84.63166597,390.7448721,150.4320351,1.233995077,13.11648455,30.03822157,73.97827408,198.5753543,50.72255926,169.9065123,1374.256129,43.53939876,404.0385804,198.6648491,494.5256069,15.07701995,21.99939479,11.23462733,22.39586362,31.11438981,23.85193282,16.03736985,12.80974529,25.2607528,24.56711335,2.271360008,182.418162
Haiti,63.96397264,416.1622423,168.4359603,1.634559253,5.876727237,16.19659956,72.77854643,155.388805,39.88245662,141.793821,1541.271748,52.87360493,481.9592029,240.7876278,592.4986245,14.78871544,22.04665061,10.85781048,22.24462186,30.71582535,23.75344298,15.92710987,11.76125404,25.06308943,24.60620634,2.618714275,184.1308482
Jamaica,62.70307297,284.0791164,186.1995165,1.221781174,5.287513276,44.24259319,68.76120852,237.7567859,62.94145518,222.6596426,1865.560619,46.93552116,521.3459086,299.860959,729.0681264,10.44267534,22.42622648,7.228676905,22.59601055,29.017778,23.82103787,18.57510263,9.946856772,24.94193577,24.47026635,2.196614717,189.8086676
Belize,256.1572012,167.6667286,138.6644995,0.394369765,5.264745164,57.27789455,62.99189253,346.6169104,50.55593872,174.9990333,2061.002562,53.52175608,598.2765048,329.5061751,847.3563959,13.05662263,22.57652259,8.289351592,24.35306335,30.96814129,24.79672176,17.91151863,15.73245712,26.3710502,25.81491222,1.762979269,207.8546202
El Salvador,43.05423723,425.1313018,178.8349981,1.324855428,19.64871736,32.41779931,75.58885687,211.9509475,2.611128914,13.44670766,1834.018769,92.18448372,256.9175724,372.3066815,958.3367839,16.05228563,23.42993292,12.20527781,23.87937202,32.68612814,24.3949217,16.63384254,8.196055426,25.5583293,24.19272945,1.816505662,199.3710925
Costa Rica,151.2790482,540.9757455,157.1371451,1.701519475,13.95479918,47.90479956,77.26496337,762.5741166,63.02243042,235.6442002,2972.137701,57.85796967,528.8857798,457.7499542,1201.438741,12.796143,22.63507097,9.933592432,23.71078986,30.28279279,23.49720366,17.48664979,6.952515557,24.44810799,23.19520002,2.202033163,257.8548585
Falkland Islands,2110.742132,51.28239346,168.8839046,0.230231419,0.034118048,14.12317832,51.15360075,125.1639218,32.42565235,103.0555503,547.0217122,19.69409059,161.2659103,64.25388187,167.7602117,13.82424369,2.316560258,7.136336339,3.992619051,13.30196354,5.684110336,-0.522280151,26.24790403,8.886888323,8.826773068,7.63466602,240.7326324
Sao Tome and Principe,167.0292977,336.2329635,153.2206815,2.089936609,0.40526849,38.36739892,70.4218084,95.92987675,11.29916573,95.82376388,2282.339094,59.93820289,729.616934,383.2596441,897.661513,9.678778307,20.96190244,6.855365776,20.96202586,26.87139281,22.17681845,17.19261496,8.245179884,23.06711153,22.4627315,3.465458135,290.0219245
Equatorial Guinea,215.354024,426.6107767,213.532889,0.307758608,0,54.56726469,76.99419883,300.6200452,26.44764975,186.3732912,2213.812975,57.19507856,631.1847831,387.6134639,912.2742241,11.17532883,22.14751445,8.666209497,22.47050129,28.98629829,23.25048928,17.81096946,7.51343788,24.00825457,22.93008612,1.318612762,293.6055293
West Bank,20.17483025,377.7128354,168.2991628,1.804733338,9.90447461,0.234512098,44.76248331,255.4399711,0,0,403.0334924,107.5869681,0.002275405,99.54161551,262.1766133,25.88769036,12.10290189,11.72161378,25.66835291,32.79696019,19.40619788,6.909269831,55.02401861,25.78950604,12.10683971,2.68576369,88.98836196
Brunei,206.2610624,82.39176044,216.136588,0.229437387,0.25904339,66.87910638,88.84150154,824.3563697,207.6490947,676.9374795,3437.401375,19.54335758,800.8185868,368.6588229,1075.96914,7.577514466,26.52766201,6.770479181,26.92922749,30.91047396,26.94271735,23.33295948,2.994483126,27.30691304,26.74126928,1.382166001,305.2357119
Siachen Glacier,2298.521197,5428.765033,158.3549308,2.868610944,0,0.630227509,27.24144054,9.952122012,1.667851304,8.353371167,74.02803198,59.04089935,32.97545146,15.31540091,33.93377227,39.90125925,-21.20445143,11.05969422,-18.08184404,11.7752067,-8.345500413,-28.12605255,97.53621268,3.782158092,3.679794376,3.411045018,248.2120039
Maldives,,0,16.74418605,0,0,,,,,,,,,,,,,,,,,,,,,,223.9895349
Qatar,53.78464303,27.30329376,171.7122246,0,0.579871316,0,37.34846877,41.97645633,0,0,73.21445893,97.46082597,0,17.47689893,46.19771749,27.39261003,18.22878815,10.38104363,34.23350264,40.40252927,26.81822315,13.00991923,62.89629072,34.23350264,19.01868677,4.525723641,82.37060702
Faroe Islands,1444.616397,,,,1.990950226,10.89452632,35.39267214,418.9276145,70.35222945,224.8142219,1449.096076,29.12530787,292.4905483,169.090738,486.2196373,11.86144627,2.703065454,4.257532592,8.19078233,12.33433617,5.789642698,0.472889944,27.8856875,9.491812281,4.523676178,,
Samoa,206.5535043,434.7935493,180.2181017,2.364876385,0,67.82289933,79.86590616,514.4241502,146.9904532,481.1277581,3938.534873,43.8784039,1385.113056,592.5257981,1552.554193,6.895600798,23.57040449,5.529925522,23.65935628,28.0362692,24.22848095,21.14066835,4.286702962,24.6703857,24.57723843,5.95726422,235.7099993
United States Virgin Islands,292.3594306,39.28128725,151.9046484,0,5.230769231,33.09793351,68.30753665,154.824358,43.5392687,154.1169703,1101.603575,36.91618971,289.9809775,144.5609165,414.2956873,10.09502438,24.57647755,6.939988821,24.58144289,31.02280788,26.11943015,20.9277837,11.26160586,27.37268931,26.75745623,,195.3603546
Puerto Rico,25.70581405,215.4656522,147.0392661,1.063235235,5.057847855,34.45976862,74.09276944,242.1809972,68.70985227,239.7021716,1866.97198,37.65857649,571.4405987,240.982781,667.6919489,13.65597467,22.40118884,10.19688467,22.46336994,30.55247601,24.10717456,16.89650132,12.21036065,25.42735965,25.20979731,2.325771886,183.6972372
Trinidad and Tobago,46.90521891,44.16040262,181.2349266,0.197292741,1.819330385,47.10623414,78.99762426,364.2950913,64.42736392,212.8189702,2060.409259,44.36734796,503.4511639,270.3872562,762.3082515,10.69878402,24.85744113,8.505857126,25.43471,30.92925062,25.83451351,20.23046657,6.323938022,26.34335317,26.03463817,3.515222509,229.7875205
Cayman Islands,945.189415,2.82902829,168.595326,0,0,33.50655738,64.45928897,106.24222,27.06016502,103.711524,1307.577653,57.74125129,465.0412726,200.1708935,533.563165,12.11498038,24.42522636,7.876925225,24.48287379,32.15034082,26.3482035,20.03536056,13.81280592,27.93405869,27.47003759,,201.3688192
French Southern and Antarctic Lands,10897.46344,149.4766828,142.519023,0.918428467,0,10.73288118,50.47170525,211.6231952,52.22937433,171.2798704,778.9989068,11.49242837,173.7687495,76.12279326,216.9445243,12.05349919,1.085169906,6.140645507,6.338283755,10.44545126,3.670423679,-1.608047931,21.75586704,6.524368036,3.910329496,11.1876993,293.4774748
Gaza,8.607368421,43.23870968,310.8792627,0,71.62790698,0.017929529,42.11255045,168.8809649,0,0,269.0313562,105.9941622,0.286839578,64.88393513,172.4823964,21.87148528,13.87388406,9.313504506,24.91848434,30.43965461,19.76619694,8.568169606,44.79224331,25.24283172,15.60053576,3.708865722,125.1192512
Mauritius,17.60296465,224.8697438,186.2163114,1.245061608,29.05641538,27.79054304,54.39852958,266.5162784,58.55838029,208.7507807,1853.244102,51.51552163,805.97399,297.6106254,805.97399,13.06658234,19.24756832,7.181395845,20.22942112,28.5402826,22.02937497,15.47370029,21.5486024,24.66036156,24.66036156,4.723604554,155.0956532
Hong Kong S.A.R.,4.080684597,106.3182773,208.9138655,0.386554622,0.354295837,38.00565198,31.25246695,102.5241396,26.67177907,89.84097934,2106.183055,76.0226156,1075.754797,373.6344397,1077.35263,19.33945329,15.5543162,6.154008842,17.31168314,30.87502517,22.21271764,11.53557163,48.5908419,27.67352297,27.67316518,3.149489046,250.6910758
Bahrain,10.08366219,11.72093023,141.8339793,0,7.095709571,0,33.05293521,43.66002477,0,0,70.1474092,103.6310987,0,16.87213502,44.24760912,25.10941802,17.97032636,8.434326021,33.33855272,38.70958209,26.24271835,13.60016373,60.74824579,33.34045831,18.44129547,,104.6813711
Aland,235.0688642,,,,21.021611,40.9085686,24.18894834,114.723856,26.96462866,83.60048454,539.3695824,33.08548425,157.0033931,67.53248614,187.392111,27.69869331,-4.101204694,6.88254539,-1.280922106,19.59575233,4.515329643,-8.102940952,72.67069411,14.35798359,9.90188649,,
Luxembourg,15.3883393,371.0438855,154.5427278,0.126920648,52.99625468,22.40293985,32.30077385,231.8844931,59.0590846,192.7739358,892.8414676,11.15899449,229.4252723,89.85901652,253.8800927,23.32722881,1.240739778,7.638417077,4.638635123,21.69863417,8.588748586,-1.628594638,58.18413745,16.07653093,2.616115686,3.529447046,241.4230149
Turks and Caicos Islands,760.6768293,5.556179775,111.9123596,0,0,11.3111407,57.79907323,129.8910675,30.17944927,109.8618536,686.7081992,43.26312997,150.8133025,111.182979,286.3944806,11.52892615,23.71793784,6.729817472,24.3159334,31.76252939,25.94584165,20.23360269,17.0986021,27.9657322,25.6834724,,190.2785815
Antigua and Barbuda,309.9055556,22.29163072,210.1596204,0,2.444444444,15.221174,65.08420294,157.741605,39.66210205,143.94204,1058.625338,32.82385299,326.5612264,133.212616,371.1091594,9.13370946,24.72398966,5.988154354,25.22685222,30.57924581,26.35109813,21.44553619,11.2568797,27.51004182,27.27298391,,195.1276208
Saint Vincent and the Grenadines,412.1585903,289.5949519,227.1334135,1.409855769,0,25.97560976,76.58398556,348.0613521,91.26220126,295.694055,2334.77002,37.92292019,775.9055205,291.9031854,801.8936633,10.13665924,23.57571421,7.8008908,24.07535228,29.62589394,24.82127699,19.48923456,8.406358427,25.57255191,25.33713519,,225.3331731
Heard Island and McDonald Islands,12517.76826,199.8684947,180.7101287,3.65193061,0,0.552661382,46.49268096,241.7179744,50.67281329,168.3230199,859.713698,17.05094078,172.7209937,91.0749814,252.9338632,11.77316802,-0.586347684,5.507511566,4.91007044,8.702874537,2.078844682,-3.070293485,22.7669995,5.098695739,1.411318874,,311.8446838
Andorra,85.97163588,1937.494723,193.0072559,2.775065963,3.482587065,29.98977573,32.21309161,284.5341256,81.34693478,272.154838,1247.053337,13.58791639,289.4241322,132.1748949,351.4120424,22.73829362,-1.989974645,7.446804914,4.336232272,17.20572126,4.223642604,-5.532572353,54.19635101,11.56707928,5.145693849,2.603284374,179.093247
Malta,7.364351245,55.89461078,153.7844311,0,41.26506024,1.539961014,33.82147997,171.7161766,0,8.729231179,515.614869,80.55865749,41.28109775,95.95564963,268.8081428,21.11604063,12.46621082,7.254593206,24.65844916,30.24533658,18.37522683,9.129295832,49.93542618,25.08253057,16.96043452,,133.2662575
Seychelles,4222.15896,63.09438202,172.3033708,0.651685393,0,40.50331126,66.57550816,294.3737375,69.38570609,236.1823364,2266.971241,48.34397934,546.5814601,382.0969947,966.7710847,6.269919077,24.52986778,4.197009502,24.73488881,28.8825258,25.29468058,22.61260652,6.114312331,26.08396628,25.24470172,,244.5696067
British Indian Ocean Territory,4155.333333,0.573913043,61.90434783,0,0,,70.92864609,523.8215877,133.0356374,424.4999019,2492.606846,26.96436031,525.9641266,316.5713599,829.2858233,7.107135391,26.4,5.1,27.1,31.00713501,27.3,23.9,6.401380245,28.08927928,27.58570775,,243.5473913
Singapore,0.969004894,18.15942029,158.7439614,0,19.05737705,21.77017717,85.10689163,787.4757316,155.8542214,485.0758053,2401.83568,23.150675,518.4530205,309.05039,819.4957249,9.275178079,26.25763918,7.946948974,27.15145156,31.47748251,26.87656509,22.20230428,4.101879945,27.32539285,26.28877785,2.085953213,322.1853462
Jersey,3.258278146,29.3822314,182.25,0,73.68421053,8.724505327,31.94072126,275.7110737,43.57184283,143.2455892,850.8139914,30.29079725,143.2455892,107.8853445,307.2756709,19.57743288,5.741522814,6.341639823,17.28415468,22.40620333,11.77792515,2.828770126,48.51609779,18.048804,6.885735159,,252.0514205
Isle of Man,211.4401154,137.4833127,191.4157396,1.10960033,61.36125654,19.55280056,36.16501132,277.5289051,60.04032614,182.448749,1009.811322,23.97960391,214.7637193,113.5248748,332.5476587,17.61642543,3.111931245,6.471304541,9.715297321,17.68607226,8.053298957,0.069646813,40.74566547,13.42683955,6.086844767,8.120622635,252.7566955
Saint Pierre and Miquelon,329.807571,21.94791667,221.8515625,0,0,22.51460114,25.64962672,325.3696546,97.67237777,305.8964377,1367.129071,11.92657319,327.3772361,139.1916369,401.2098896,26.29445623,-3.139995459,6.878433559,1.733730272,18.78949379,4.840643203,-7.504962411,64.2289961,13.55613396,4.291081006,,266.9565104
Guam,6135.716592,70.69565217,176.7857708,0.17312253,2.195608782,31.46577017,79.60534442,294.1331091,76.26315681,271.3579068,2338.735396,50.93054435,545.1881598,378.4285756,1011.031638,7.347561464,25.99871892,5.876622778,26.35223227,30.40650951,26.73547139,23.05894823,4.533865387,27.16539949,26.89120323,,236.0509387
American Samoa,323.0643275,58.77669903,202.0517799,0,0,45.1147541,77.36619886,626.1355088,180.2085495,611.2271419,3586.53566,23.29147033,1060.136302,388.2914559,1135.192036,6.995725837,25.69602037,5.432345654,25.85901126,30.21365632,26.48412287,23.217932,4.975535442,26.97676959,26.83715497,,256.0298544
British Virgin Islands,305.8219895,29.36871508,183.4357542,0,0,30.75323383,65.82040367,170.0708836,47.82059597,165.7747128,1141.785782,35.98566599,300.7572435,151.3401703,425.6065578,9.538809671,24.48396829,6.329324881,24.5443758,30.69542875,26.02541606,21.15661843,11.61164044,27.33481443,26.69373042,,200.425419
Saint Kitts and Nevis,450.6336449,41.06138934,170.5815832,0.591276252,8.906882591,29,64.51856204,226.9153047,59.44226112,205.1350859,1374.373496,30.32637471,440.581237,163.9438915,471.4860646,9.118247182,24.31434613,5.926154998,24.74564143,30.18840176,25.88484339,21.07015507,10.99853578,27.03646122,26.92125601,,203.6855816
Grenada,486.8319838,115.8650794,148.4417989,1,0,43.61053541,80.19534007,291.1490618,60.96040625,209.7708044,1960.288144,41.37177263,639.4795589,251.3838853,679.9442444,9.69155752,25.50024954,7.809293186,25.91101738,31.01036245,26.39662891,21.31880545,5.774512303,26.89129107,26.77748904,,225.3650794
Saint Lucia,190.1234888,194.2814919,173.7938072,0.831808586,0.175746924,45.39317682,74.77070494,290.5411136,75.59162078,255.7664283,2041.904508,39.27756833,652.4781687,269.5705527,738.8205869,10.284893,23.76201042,7.745011452,24.1993345,30.18038815,25.19060961,19.89549515,10.05076573,26.18821206,25.70916748,,195.5681386
Barbados,8.609394314,118.8199005,132.5683616,0.589830508,41.79104478,20.04349882,75.74320917,233.3378534,42.67200323,151.750602,1379.786745,45.78287874,448.1977313,188.3907556,547.0247771,11.25124486,24.0186781,8.576088273,24.59337641,30.46091515,25.33835569,19.20967023,8.672847092,26.1279954,25.79196006,,203.558607
Dominica,213.6629561,273.1185984,147.0350404,1.707816712,0,61.22423208,73.21283135,429.8356121,125.1179369,401.4165867,2735.193828,32.28536907,879.1853028,323.4085185,927.0570242,10.43419907,22.07553047,7.682265555,22.40418953,28.45112285,23.4685475,18.01692377,9.770777476,24.46966974,24.27972322,6.523897171,209.4217453
Curacao,295.1170569,22.19283747,125.1450872,0,0,7.941614907,66.00172288,106.1996218,14.61110844,55.53599698,559.425622,64.0535847,151.4613075,108.487622,278.1757993,8.552168605,26.03618273,5.69016415,26.85863308,31.81293297,27.29951739,23.26076395,8.778123161,28.2845848,27.32444111,,219.8381543
San Marino,13.96170213,285.612766,35.23404255,1.710638298,76.84210526,5.59459642,30.12446809,161.9463431,48.62865691,158.2450798,749.4960771,17.30831117,166.6515293,86.45332447,236.5289894,27.32952128,4.255412234,8.376482713,5.17799867,27.49308511,12.69743351,0.16356383,66.56618418,21.2494016,13.73754654,2.77596426,182.8279787
Liechtenstein,42.21247563,1025.146199,136.6920078,2.015594542,41.87192118,30.20922677,31.13654362,215.5483979,65.44959186,203.7737269,1178.206384,28.1462902,418.6612756,146.4486172,419.5646321,26.06056287,-0.970202851,8.260986233,0.256478436,21.09837049,7.392415936,-4.962192373,63.74134929,15.34747807,15.34516326,2.198319334,233.2920565
Guernsey,120.4789474,30.19473684,198.1105263,0,17.80821918,9.711111111,33.97221477,279.9772019,42.24170097,137.0912655,842.4805548,30,160.6734882,104.8161834,299.562735,18.44259854,5.703234422,6.338358365,16.96557774,21.31007385,11.28788564,2.867475318,45.04986708,17.04692767,6.861701809,,233.925
Niue,2016.964912,49.4619883,201.1111111,0,0,,61.0395354,340.6568868,96.69445604,314.8307204,2009.225549,33.54957314,729.7224043,263.6846501,729.7288679,9.275202363,22.86984312,5.700650213,22.94838735,29.52207135,24.5784297,20.24686941,12.80390787,26.20111117,26.19981607,,233.8670322
Bermuda,3709.754098,6.692307692,177.5076923,0,0,,34.52285193,356.824952,96.56643219,318.3865685,1476.939901,13.09422953,390.6475095,162.9649309,434.6320441,15.50401739,17.21821536,5.442345957,19.15838816,29.92114588,21.53589524,14.4171274,36.30274132,26.44261579,25.5346106,,228.3567308
Anguilla,762.5,1.793721973,105.9641256,0,0,7.8105939,65.10014496,160.9334661,44.5667675,153.7000468,976.4666524,31.5998258,282.5999898,122.4333893,348.5999817,8.959989548,25.4933551,5.870004387,25.88668803,31.38666036,27.04332438,22.42667109,11.37122603,28.27666311,27.73998617,,198.9765135
Saint Martin,733.1538462,54.76470588,21.17647059,0,0,7.5,64.90912698,162.9097262,44.27287917,154.8188449,1014.095193,32.2726593,305.3652177,126.6368589,365.0017145,8.999996393,25.53632507,5.890909091,25.92723222,31.39996116,27.06358698,22.39996338,11.23908825,28.25449552,27.74541238,,203
Sint Maarten,733.9090909,38.875,73.875,0,0,7.5,65.12075424,162.963382,44.36706352,155.1926628,1020.016504,32.58447189,306.5511169,127.839325,368.364888,8.982924576,25.49839958,5.895,25.88407318,31.36133011,27.02269287,22.37840477,11.18637634,28.2099321,27.70183273,,202.659375
Montserrat,241.2857143,206.6744186,216.3069767,0.148837209,0,38,67.56416243,304.1152406,82.03704482,276.1472223,1745.349068,28.14556684,547.8853118,204.6802353,589.7966309,10.15219594,23.5333547,6.908612178,24.01030774,30.05734136,25.1077114,19.90514546,11.09608064,26.21538673,26.12902574,,206.139186
Aruba,186.6587678,13.29146919,184.3672986,0,0,2.040189125,68.01853634,75.59506164,9.189641466,39.12353298,412.8568638,64.19692108,121.637695,75.46035847,208.2398305,9.240716333,26.06036811,6.326357648,27.18187332,32.14418659,27.3793217,22.90347007,9.089892059,28.38739867,27.4304005,,209.0652844
Monaco,3,382,154,3,16.66666667,31.55555556,33.44934845,222.0611877,24.91725159,120.0161362,837.1985474,32.45040131,140.833252,110.0016022,299.5128479,22.39995728,6.012790298,7.604157257,19.29024353,24.53104401,12.45355453,2.131087494,53.35209961,19.45555267,9.904589844,,200.025
Norfolk Island,,26.63478261,270,0,0,25,,,,,,,,,,,,,,,,,,,,,206.9
Nauru,4057.75,1.058823529,0,0,0,,87.09222706,507.950693,103.9692072,334.4460496,2059.921556,36,334.4460496,284.3691125,788.53787,6.52152663,27.60312101,5.726137983,27.93386982,31.25539645,27.75539645,24.73386982,1.466026036,27.93386982,27.68614737,,255.2772059
Cook Islands,4962.736842,51.23255814,193.2790698,0,0,62,56.29969902,409.9618225,118.4030609,406.8543518,2306.987036,28.26924496,704.4202393,280.4822235,751.5795593,9.678449249,21.82967957,5.507015839,21.83950684,28.74955688,23.73319214,19.07110718,15.08745703,25.65004211,25.34934998,,233.9822674
Saint Barthelemy,645.8,7.117647059,63.52941176,0,0,13,64.47268829,164.5129883,46.2434199,163.7186462,1038.967122,32.92470423,315.4403198,128.1274373,374.080719,8.918812866,25.22869588,5.777396062,25.47040914,31.06259501,26.77014608,22.14378082,11.26272762,27.97013285,27.48143433,,186.6227941
Pitcairn Islands,15531.33333,1.45631068,63.34951456,0,0,,,,102.4443569,324.5556297,1418.125,10.68064058,,142.25,375.75,,,,,,,,,,,,212.0125
Ashmore and Cartier Islands,,0,0,0,0,,,,,,,,,,,,,,,,,,,,,,162.2875
Macau S.A.R,2,49,22,0,0,6,31.68977737,99.82756042,25.72420502,94.25856781,1785.830688,72.46547699,859.4515381,324.2928467,866.9318848,20.48277435,15.69307404,6.556903839,17.47581787,32.05858154,22.64824066,11.57580719,50.40670898,28.30684814,27.63099976,3.757482767,272.15
Vatican,,,,,0,,,,,,,,,,,,,,,,,,,,,,